index,Begin,End,m,i,a,Mom Actions,File
0,48.802,54.706,,R,,,001_07
1,54.706,62.878,,L,,,001_07
2,55.403999999999996,55.403999999999996,Both,,,,001_07
,58.089,62.878,,L,,,001_07
3,61.628,62.908,,,,momgrab,001_07
4,64.212,64.305,L,,,,001_07
5,64.305,64.915,,,,momforce,001_07
,64.915,69.492,L,,,,001_07
6,69.41,69.71,,R,,,001_07
7,71.131,72.203,,,L,,001_07
8,72.203,76.17399999999999,,,Both,,001_07
8,76.17399999999999,78.012,,,R,,001_07
9,78.012,81.96799999999999,,,Both,,001_07
9,81.96799999999999,82.115,,,L,,001_07
10,82.115,82.70700000000001,,,,momgrab,001_07
11,82.70700000000001,83.594,,Both,,,001_07
,83.594,84.419,,,,momgrab,001_07
12,84.005,88.089,,,R,,001_07
,84.419,101.616,,,L,,001_07
13,94.21700000000001,96.02,,,,momgrab,001_07
14,95.527,103.38,,,R,,001_07
15,103.01299999999999,103.38,,,,momgrab,001_07
15,103.38,103.53,,,,momgrab,001_07
14,103.38,96.02,,,Both,,001_07
16,120.902,122.52,,,R,,001_07
17,122.52,124.87899999999999,,,Both,,001_07
17,124.87899999999999,126.10700000000001,,,L,,001_07
18,126.10700000000001,130.608,,Both,,,001_07
19,130.608,131.126,,,,momgrab,001_07
,131.126,139.606,,Both,,,001_07
20,132.61,134.112,,,,momgrab,001_07
,139.606,142.393,,,L,,001_07
21,141.901,142.499,,,,momgrab,001_07
22,145.313,146.116,L,,,,001_07
23,146.116,146.89,,,,momgrab,001_07
23,146.89,146.903,,,,momgrab,001_07
24,160.125,160.399,L,,,,001_07
25,160.399,161.466,Both,,,,001_07
,161.466,173.891,L,,,,001_07
26,172.808,174.025,,,R,,001_07
27,174.025,188.715,,,Both,,001_07
,188.715,192.609,,,R,,001_07
28,189.524,190.52,,L,,,001_07
29,190.52,192.688,,,,momgrab,001_07
,192.688,196.69299999999998,,L,,,001_07
30,194.53099999999998,196.826,,,R,,001_07
31,196.826,198.77900000000002,,,Both,,001_07
31,198.77900000000002,199.102,,,L,,001_07
32,199.102,207.489,,Both,,,001_07
,207.489,209.111,,,L,,001_07
33,207.925,209.824,,,R,,001_07
34,209.824,225.678,,Both,,,001_07
,214.50900000000001,226.265,,,R,,001_07
36,222.017,223.11900000000003,,,,momgrab,001_07
37,224.52599999999998,226.429,,,,momgrab,001_07
38,227.71,227.916,,L,,,001_07
39,227.916,230.891,,,Both,,001_07
40,230.891,233.27700000000002,,,Both,,001_07
39,230.891,230.891,,,R,,001_07
40,233.27700000000002,234.597,,,L,,001_07
41,234.597,237.185,,Both,,,001_07
,237.185,238.97,,,L,,001_07
42,237.305,241.507,,,R,,001_07
43,241.507,242.09099999999998,,,,momgrab,001_07
43,242.09099999999998,242.125,,,,momgrab,001_07
44,257.207,260.31,,,L,,001_07
45,260.31,264.968,,,Both,,001_07
45,264.968,274.207,,,R,,001_07
46,274.207,280.097,,,Both,,001_07
,280.097,360.38699999999994,,,R,,001_07
47,282.025,283.58099999999996,,,L,,001_07
48,289.032,290.289,,,L,,001_07
49,291.402,298.078,L,,,,001_07
50,305.11400000000003,314.578,L,,,,001_07
51,315.131,317.879,,,L,,001_07
52,322.406,326.374,L,,,,001_07
53,329.519,330.97,L,,,,001_07
54,343.416,348.52099999999996,,,L,,001_07
55,349.79900000000004,363.602,,,L,,001_07
56,363.602,370.98400000000004,,,Both,,001_07
,370.98400000000004,383.671,,,L,,001_07
57,375.12,383.517,,R,,,001_07
58,383.517,383.80199999999996,,,,momgrab,001_07
,383.80199999999996,392.793,,R,,,001_07
59,391.79900000000004,395.599,,L,,,001_07
60,395.599,396.77099999999996,,Both,,,001_07
60,396.77099999999996,407.11400000000003,,R,,,001_07
61,108.906,120.05,,R,,,002_07
62,120.05,121.985,,Both,,,002_07
,121.985,128.761,,R,,,002_07
63,122.946,123.588,L,,,,002_07
64,126.221,126.575,,,,Momforce,002_07
65,126.575,127.32,Both,,,,002_07
,127.32,127.456,,,,Momforce,002_07
66,127.456,128.221,,,,Momgrab,002_07
67,130.373,130.476,,R,,,002_07
68,130.476,131.17700000000002,,,,Momforce,002_07
,131.17700000000002,132.908,,R,,,002_07
69,131.905,133.781,,L,,,002_07
70,134.218,134.376,L,,,,002_07
71,138.711,138.835,,,,Momforce,002_07
72,138.835,139.221,Both,,,,002_07
72,139.221,141.114,R,,,,002_07
73,141.114,141.471,,Both,,,002_07
,141.471,149.599,R,,,,002_07
74,146.815,152.304,,L,,,002_07
75,152.304,154.195,Both,,,,002_07
,154.195,167.675,,L,,,002_07
76,154.66899999999998,157.81,,,,Momgrab,002_07
77,157.81,158.166,Both,,,,002_07
77,158.166,158.17,R,,,,002_07
78,158.429,177.545,,R,,,002_07
79,177.545,179.395,,Both,,,002_07
79,179.395,184.826,,L,,,002_07
80,184.826,186.209,,,,Momgrab,002_07
,186.209,188.37400000000002,,L,,,002_07
81,187.518,188.46900000000002,,R,,,002_07
82,209.736,212.73,,R,,,002_07
83,214.547,231.487,R,,,,002_07
84,235.68900000000002,235.96900000000002,R,,,,002_07
85,248.486,250.988,,R,,,002_07
86,254.301,257.26099999999997,R,,,,002_07
87,257.905,260.106,,,R,,002_07
88,260.106,260.611,,,Both,,002_07
,260.611,262.462,,,R,,002_07
89,265.53,268.714,,,R,,002_07
90,268.714,273.293,,,Both,,002_07
,273.293,302.27,,,R,,002_07
91,276.406,288.192,,,L,,002_07
92,290.21,291.395,,L,,,002_07
93,292.998,294.682,,L,,,002_07
94,299.83,302.675,,,L,,002_07
95,306.532,307.96299999999997,R,,,,002_07
96,316.492,316.612,R,,,,002_07
97,341.314,346.785,R,,,,002_07
98,346.785,346.99300000000005,,Both,,,002_07
,346.99300000000005,355.744,R,,,,002_07
99,356.602,363.519,,,R,,002_07
100,363.519,366.289,,,Both,,002_07
,366.289,368.379,,,R,,002_07
101,373.80800000000005,374.574,,,R,,002_07
102,374.574,377.56699999999995,,,Both,,002_07
,377.56699999999995,390.185,,,R,,002_07
103,378.531,381.86699999999996,,L,,,002_07
104,382.425,392.36699999999996,,,L,,002_07
105,398.224,404.70099999999996,,,L,,002_07
106,404.70099999999996,404.87199999999996,,,Both,,002_07
106,404.87199999999996,406.029,,,R,,002_07
107,406.029,407.406,,,Both,,002_07
107,407.406,407.51800000000003,,,L,,002_07
108,407.51800000000003,409.483,,Both,,,002_07
108,409.483,428.69699999999995,,R,,,002_07
109,434.847,437.96,,R,,,002_07
110,75.012,80.874,,R,,,003_07
111,80.874,81.497,,,,Momgrab,003_07
111,81.497,81.71600000000001,,,,Momgrab,003_07
112,85.46799999999999,86.069,,R,,,003_07
113,87.208,87.921,,R,,,003_07
114,87.921,89.50200000000001,,,,Momgrab,003_07
115,89.50200000000001,91.671,,Both,,,003_07
,91.671,93.773,,,,Momgrab,003_07
,93.773,99.083,,R,,,003_07
116,100.083,105.992,,,R,,003_07
117,124.206,124.73,,,R,,003_07
118,124.73,133.189,,,Both,,003_07
,133.189,149.879,,,R,,003_07
119,150.88299999999998,154.886,R,,,,003_07
120,154.916,155.227,,,,Momgrab,003_07
121,157.76,189.585,,,L,,003_07
123,174.704,178.69,,,Both,,003_07
124,178.69,182.38299999999998,L,,,,003_07
,182.38299999999998,189.585,,,R,,003_07
125,183.365,186.21400000000003,,,L,,003_07
126,186.21400000000003,189.085,,,,Momgrab,003_07
126,189.085,189.507,,,,Momgrab,003_07
127,231.922,233.176,,,R,,003_07
128,233.176,238.53,,,Both,,003_07
128,238.53,240.415,,,L,,003_07
129,240.415,255.48,,,Both,,003_07
,255.48,278.594,,,L,,003_07
130,257.005,264.313,,,R,,003_07
131,264.313,264.89099999999996,,,,Momgrab,003_07
,264.89099999999996,278.777,,,R,,003_07
132,267.95099999999996,269.62,,,,Momgrab,003_07
133,276.732,278.70099999999996,,,,Momgrab,003_07
134,285.615,293.569,L,,,,003_07
135,306.904,307.736,,R,,,003_07
136,306.914,307.81,,,,Momforce,003_07
136,307.81,307.736,,,,Momforce,003_07
137,320.9,321.34,,R,,,003_07
138,325.41700000000003,325.717,,,,Momgrab,003_07
139,325.717,325.98400000000004,,Both,,,003_07
,325.98400000000004,326.017,,,,Momgrab,003_07
140,326.605,327.99800000000005,,,L,,003_07
141,329.463,331.44599999999997,,,R,,003_07
142,339.11400000000003,346.131,,,R,,003_07
143,346.131,347.98900000000003,,,,Momgrab,003_07
143,347.98900000000003,348.6,,,,Momgrab,003_07
144,352.217,358.89,L,,,,003_07
145,65.321,66.711,L,,,,004_07
146,66.711,71.76,Both,,,,004_07
146,71.76,76.399,R,,,,004_07
147,76.722,76.919,,,L,,004_07
148,76.919,84.68299999999999,,,Both,,004_07
148,84.68299999999999,86.10700000000001,,,R,,004_07
149,86.10700000000001,105.68700000000001,,,Both,,004_07
,105.68700000000001,107.90100000000001,,,R,,004_07
150,106.53299999999999,108.71799999999999,L,,,,004_07
151,108.71799999999999,109.875,Both,,,,004_07
151,109.875,111.596,R,,,,004_07
152,124.51899999999999,127.51100000000001,,,R,,004_07
153,127.51100000000001,156.78,,,Both,,004_07
154,144.82,146.18,,,,Momgrab,004_07
,146.18,183.077,,,L,,004_07
153,156.78,144.82,,,L,,004_07
155,160.408,165.173,R,,,,004_07
156,165.32299999999998,168.36900000000003,,,R,,004_07
157,175.61599999999999,189.632,,,R,,004_07
158,189.632,195.266,,,Both,,004_07
158,195.266,196.321,,,L,,004_07
159,196.321,202.725,Both,,,,004_07
,202.725,204.167,,,L,,004_07
160,204.294,207.235,R,,,,004_07
161,207.235,207.40099999999998,,,Both,,004_07
162,207.40099999999998,208.09099999999998,,,,Momgrab,004_07
,208.09099999999998,208.16,,,Both,,004_07
,208.16,208.981,R,,,,004_07
163,208.90900000000002,209.02900000000002,,,,Momgrab,004_07
164,223.515,224.01,,,L,,004_07
165,224.01,228.09400000000002,,,Both,,004_07
,228.09400000000002,263.876,,,L,,004_07
166,229.53799999999998,236.204,R,,,,004_07
167,236.507,240.285,,,R,,004_07
168,244.83599999999998,250.49200000000002,R,,,,004_07
169,251.727,255.71099999999998,R,,,,004_07
170,255.71099999999998,256.31,,,,Momgrab,004_07
,256.31,262.161,R,,,,004_07
171,262.801,264.808,,,R,,004_07
172,264.808,266.66,Both,,,,004_07
173,265.409,266.62,,,,Momgrab Momgrab,004_07
,266.62,266.867,L,,,,004_07
172,266.66,265.409,L,,,,004_07
174,286.032,287.612,,,L,,004_07
175,287.612,295.493,,,Both,,004_07
175,295.493,297.013,,,R,,004_07
176,297.013,298.969,Both,,,,004_07
176,298.969,299.427,L,,,,004_07
177,299.427,301.302,Both,,,,004_07
,301.302,313.399,L,,,,004_07
178,302.524,313.911,R,,,,004_07
179,313.911,314.372,,,Both,,004_07
180,314.217,314.42,,,,Momgrab,004_07
,314.372,377.89599999999996,R,,,,004_07
180,314.42,314.372,,,,Momgrab,004_07
181,316.42900000000003,320.087,L,,,,004_07
182,320.91200000000003,323.281,,,L,,004_07
183,323.82099999999997,341.783,L,,,,004_07
184,342.42199999999997,344.269,,,L,,004_07
185,344.505,361.096,L,,,,004_07
186,365.125,376.293,L,,,,004_07
187,377.909,380.00800000000004,,,R,,004_07
188,380.00800000000004,382.77,,,Both,,004_07
,382.77,409.49300000000005,,,R,,004_07
189,384.519,387.29,,,L,,004_07
190,392.63300000000004,402.19199999999995,,,L,,004_07
191,404.213,408.589,,,L,,004_07
192,412.409,414.413,,R,,,004_07
193,414.413,418.681,,Both,,,004_07
,418.681,422.292,,R,,,004_07
194,419.71,423.903,L,,,,004_07
195,423.903,441.765,Both,,,,004_07
,441.765,453.194,L,,,,004_07
196,31.6,31.603,,,L,,005_07
197,31.603,64.372,,,Both,,005_07
,64.372,99.601,,,L,,005_07
198,65.191,75.182,R,,,,005_07
199,75.223,83.09700000000001,,,R,,005_07
200,84.10700000000001,85.09700000000001,,,R,,005_07
201,85.51,101.63600000000001,,R,,,005_07
202,101.63600000000001,102.214,,,,Momgrab,005_07
,102.214,104.654,,R,,,005_07
203,105.41799999999999,105.568,,R,,,005_07
204,112.199,118.396,,,L,,005_07
205,118.396,118.65700000000001,,Both,,,005_07
,118.65700000000001,118.897,,,L,,005_07
206,119.656,121.189,,R,,,005_07
207,121.323,123.898,,,L,,005_07
208,132.092,132.915,,L,,,005_07
209,132.915,184.796,,,Both,,005_07
209,184.796,185.399,,,R,,005_07
210,185.399,191.399,,,Both,,005_07
,191.399,198.46900000000002,,,R,,005_07
211,193.125,202.892,,L,,,005_07
212,207.24,207.394,,L,,,005_07
213,207.394,207.803,,Both,,,005_07
213,207.803,217.114,,R,,,005_07
214,217.30599999999998,218.15200000000002,,R,,,005_07
215,218.205,220.99900000000002,,R,,,005_07
216,220.99900000000002,221.90200000000002,,Both,,,005_07
216,221.90200000000002,223.894,,L,,,005_07
217,223.894,224.28799999999998,,Both,,,005_07
,224.28799999999998,231.101,,L,,,005_07
218,231.201,233.842,,L,,,005_07
219,234.199,234.295,,L,,,005_07
220,237.696,237.706,,,,Momforce,005_07
221,237.706,238.715,,Both,,,005_07
221,238.715,248.803,,R,,,005_07
222,248.803,249.801,,Both,,,005_07
222,249.801,255.398,,L,,,005_07
223,261.999,264.801,,R,,,005_07
224,264.801,267.488,,Both,,,005_07
224,267.488,274.597,,L,,,005_07
225,276.202,279.589,,L,,,005_07
226,282.3,282.464,,R,,,005_07
227,282.464,286.991,,,,Momforce,005_07
227,286.991,287.08099999999996,,,,Momforce,005_07
228,289.095,289.651,,,,Momforce,005_07
229,289.651,291.317,,Both,,,005_07
229,291.317,292.404,,R,,,005_07
230,292.404,303.873,,Both,,,005_07
230,303.873,310.305,,L,,,005_07
231,310.305,310.897,,Both,,,005_07
,310.897,315.192,,L,,,005_07
232,329.397,329.45099999999996,,,,Momforce,005_07
233,329.45099999999996,330.00800000000004,Both,,,,005_07
233,330.00800000000004,331.098,R,,,,005_07
234,331.098,332.194,Both,,,,005_07
,332.194,345.97,R,,,,005_07
235,71.167,128.97899999999998,R,,,,006_07
236,128.97899999999998,131.67,,,,momgrab,006_07
237,131.405,131.692,,Both,,,006_07
236,131.67,131.405,,,,momgrab,006_07
237,131.692,134.52700000000002,,L,,,006_07
238,134.52700000000002,136.37,,Both,,,006_07
238,136.37,184.13099999999997,,R,,,006_07
239,184.13099999999997,191.15400000000002,,,Both,,006_07
240,191.15400000000002,193.192,,,,momgrab,006_07
,193.192,198.87900000000002,,,Both,,006_07
241,197.63400000000001,199.071,,,,momgrab,006_07
,198.87900000000002,230.595,,R,,,006_07
242,202.84799999999998,207.77599999999998,,,L,,006_07
243,229.024,251.03099999999998,,L,,,006_07
244,251.03099999999998,252.082,,Both,,,006_07
244,252.082,254.71900000000002,,R,,,006_07
245,254.71900000000002,255.49099999999999,,Both,,,006_07
245,255.49099999999999,259.788,,L,,,006_07
246,258.572,314.778,,R,,,006_07
247,265.329,268.485,,,Both,,006_07
248,271.008,272.591,,,L,,006_07
249,277.404,299.121,L,,,,006_07
250,299.121,302.221,,,,momgrab,006_07
,302.221,307.41,L,,,,006_07
251,313.099,314.612,,,,momgrab,006_07
252,314.612,314.904,,,Both,,006_07
246,314.778,259.788,,Both,,,006_07
252,314.904,315.82599999999996,,,L,,006_07
253,315.82599999999996,329.37800000000004,,,Both,,006_07
253,329.37800000000004,332.727,,,R,,006_07
254,332.727,411.164,,Both,,,006_07
255,411.164,411.173,,,,momgrab,006_07
,411.173,417.685,,,R,,006_07
255,411.173,411.22900000000004,,,,momgrab,006_07
256,412.301,418.639,L,,,,006_07
257,418.639,419.967,Both,,,,006_07
257,419.967,444.04699999999997,R,,,,006_07
258,29.752,32.095,R,,,,007_07
259,32.095,42.772,L,,,,007_07
260,46.401,49.13,,,R,,007_07
261,49.13,54.376000000000005,Both,,,,007_07
,54.376000000000005,75.991,,,R,,007_07
262,58.933,65.60600000000001,L,,,,007_07
263,65.60600000000001,66.169,,,,momgrab,007_07
263,66.169,66.207,,,,momgrab,007_07
264,71.02,71.025,L,,,,007_07
265,71.025,72.012,,,,momforce,007_07
,72.012,79.202,L,,,,007_07
266,73.9,75.991,,,,momgrab,007_07
267,84.57700000000001,87.42399999999999,L,,,,007_07
268,91.6,93.61200000000001,L,,,,007_07
269,94.616,99.015,L,,,,007_07
270,99.78200000000001,101.699,L,,,,007_07
271,103.29700000000001,109.428,L,,,,007_07
272,109.428,110.993,,,,momgrab,007_07
,110.993,126.26799999999999,L,,,,007_07
273,113.51100000000001,116.527,,,,momgrab,007_07
274,122.41,122.62200000000001,,R,,,007_07
275,122.62200000000001,126.26799999999999,,,,momgrab,007_07
,126.26799999999999,137.597,,R,,,007_07
276,127.402,128.589,,,,momgrab,007_07
277,140.1,146.71,,L,,,007_07
278,146.71,148.28799999999998,,Both,,,007_07
278,148.28799999999998,149.329,,R,,,007_07
279,151.786,159.683,R,,,,007_07
280,160.809,164.891,,R,,,007_07
281,168.419,183.731,L,,,,007_07
282,183.731,189.597,Both,,,,007_07
,189.597,196.175,L,,,,007_07
283,198.222,198.77700000000002,,,L,,007_07
284,202.11900000000003,203.90400000000002,L,,,,007_07
285,203.90400000000002,228.208,,,Both,,007_07
286,228.208,236.57299999999998,,,,momgrab,007_07
286,236.57299999999998,236.611,,,,momgrab,007_07
,236.57299999999998,257.28,L,,,,007_07
287,240.03099999999998,241.80900000000003,R,,,,007_07
288,241.80900000000003,245.514,,,,momgrab,007_07
,245.514,294.075,R,,,,007_07
289,253.608,260.129,,,,momgrab,007_07
290,262.10200000000003,263.733,L,,,,007_07
291,263.733,265.53,,,,momgrab,007_07
,265.53,277.079,L,,,,007_07
292,272.204,276.123,,,,momgrab,007_07
293,280.406,281.007,,,,momgrab,007_07
294,280.42400000000004,288.966,L,,,,007_07
294,288.966,281.007,Both,,,,007_07
295,291.905,298.71,L,,,,007_07
296,298.71,303.29,Both,,,,007_07
,303.29,345.07800000000003,L,,,,007_07
297,311.105,313.2,,,,momgrab,007_07
298,319.72900000000004,321.031,,R,,,007_07
299,321.031,323.188,,,,momgrab,007_07
,323.188,348.88800000000003,,R,,,007_07
300,326.832,329.18300000000005,,,,momgrab,007_07
301,332.199,332.778,,,,momgrab,007_07
302,343.599,344.769,,,,momgrab,007_07
303,349.099,364.524,R,,,,007_07
304,364.524,366.282,Both,,,,007_07
304,366.282,371.827,L,,,,007_07
305,371.827,371.978,,,,momgrab,007_07
305,371.978,372.004,,,,momgrab,007_07
306,93.256,94.699,R,,,,008_07
308,94.214,95.397,,,,momgrab,008_07
307,94.699,95.397,L,,,,008_07
308,95.397,95.402,,,,momgrab,008_07
309,96.602,97.99700000000001,,,,momforce,008_07
310,97.99700000000001,103.51299999999999,R,,,,008_07
311,103.51299999999999,105.495,,,,momgrab,008_07
311,105.495,105.50299999999999,,,,momgrab,008_07
312,108.00299999999999,112.0,,,R,,008_07
313,112.0,114.334,,,Both,,008_07
314,114.334,116.396,,,,momgrab,008_07
314,116.396,116.40100000000001,,,,momgrab,008_07
315,118.18,119.579,,,,momforce,008_07
317,118.20100000000001,123.99700000000001,,,Both,,008_07
316,119.579,118.20100000000001,,,R,,008_07
,123.99700000000001,132.297,,,R,,008_07
318,125.626,137.79399999999998,,,L,,008_07
319,134.401,142.697,,,R,,008_07
320,137.298,138.298,,,,momgrab,008_07
321,138.701,143.804,,,L,,008_07
319,142.697,137.79399999999998,,,Both,,008_07
322,143.804,145.197,,,,momgrab,008_07
323,146.7,146.71,,R,,,008_07
324,146.71,147.07,,,,momforce momgrab,008_07
325,147.07,147.77100000000002,,,Both,,008_07
,147.77100000000002,147.795,,R,,,008_07
325,147.77100000000002,150.248,,,L,,008_07
326,150.566,150.898,,,,momforce,008_07
327,150.898,155.296,,R,,,008_07
328,165.025,166.67,,,,momgrab momforce,008_07
329,167.16,175.37099999999998,,,R,,008_07
330,175.37099999999998,175.673,,,Both,,008_07
,175.673,181.695,,,R,,008_07
331,181.105,181.705,,,,momgrab,008_07
332,184.502,187.415,,L,,,008_07
333,187.415,191.095,,Both,,,008_07
333,191.095,194.295,,R,,,008_07
334,195.50099999999998,196.926,R,,,,008_07
335,196.926,197.885,Both,,,,008_07
,197.885,218.49900000000002,R,,,,008_07
336,206.015,212.393,L,,,,008_07
337,230.101,233.19299999999998,,,L,,008_07
338,233.21,233.308,,,R,,008_07
339,233.308,236.49099999999999,,,,momforce,008_07
,236.49099999999999,257.795,,,R,,008_07
340,237.407,240.39700000000002,,,L,,008_07
341,241.705,248.299,L,,,,008_07
342,252.412,253.324,,,,momgrab,008_07
343,257.123,257.835,,,,momgrab,008_07
344,258.805,270.21,L,,,,008_07
345,285.022,285.02299999999997,R,,,,008_07
346,285.02299999999997,285.647,,,,momforce,008_07
,285.647,292.49,R,,,,008_07
347,295.415,295.418,,,R,,008_07
348,295.418,296.452,,,,momforce,008_07
,296.452,311.476,,,R,,008_07
349,296.909,300.19,,,L,,008_07
350,302.907,323.019,,,L,,008_07
351,322.026,324.375,,,,momforce,008_07
352,322.029,324.375,Both,,,,008_07
353,323.401,327.39099999999996,Both,,,,008_07
351,324.375,323.019,,,,momforce,008_07
352,324.375,323.401,R,,,,008_07
353,327.39099999999996,334.293,L,,,,008_07
354,337.10699999999997,343.288,,R,,,008_07
355,343.288,344.27099999999996,,,,momgrab,008_07
355,344.27099999999996,345.457,,,,momgrab,008_07
356,345.457,345.959,,Both,,,008_07
,345.959,347.559,,,,momgrab,008_07
357,349.501,349.50199999999995,,L,,,008_07
358,349.50199999999995,349.70300000000003,,,,momforce,008_07
359,349.70300000000003,350.468,,Both,,,008_07
,350.468,353.19,,L,,,008_07
359,350.468,356.335,,R,,,008_07
360,356.335,356.99300000000005,,,,momgrab,008_07
360,356.99300000000005,357.026,,,,momgrab,008_07
361,369.44599999999997,369.452,,,,momforce,008_07
362,369.452,369.798,,,Both,,008_07
362,369.798,375.7,,,R,,008_07
363,101.499,109.274,,R,,,009_07
364,109.274,122.294,L,,,,009_07
365,123.305,124.101,,L,,,009_07
366,124.101,126.32799999999999,,,,momgrab,009_07
,126.32799999999999,131.47299999999998,,L,,,009_07
367,134.526,145.813,R,,,,009_07
368,145.813,146.116,,,,momforce,009_07
369,146.116,147.709,Both,,,,009_07
,147.709,151.985,R,,,,009_07
369,147.709,148.47799999999998,L,,,,009_07
370,157.517,161.42700000000002,,,,momforce,009_07
372,160.88299999999998,165.176,,,Both,,009_07
371,161.42700000000002,160.88299999999998,,,L,,009_07
,165.176,178.19,,,L,,009_07
373,169.41400000000002,191.718,,,R,,009_07
374,191.718,195.382,,,Both,,009_07
,195.382,207.695,,,R,,009_07
375,201.208,202.584,,,L,,009_07
376,205.417,217.19099999999997,,,L,,009_07
377,212.425,239.378,,,R,,009_07
377,239.378,217.19099999999997,,,Both,,009_07
378,241.108,241.12400000000002,,,R,,009_07
379,241.12400000000002,241.475,,,Both,,009_07
379,241.475,253.676,,,L,,009_07
380,263.722,264.78700000000003,,R,,,009_07
381,265.911,283.281,,R,,,009_07
382,284.916,285.703,R,,,,009_07
383,285.703,286.267,,,,momgrab,009_07
384,290.002,291.531,,,,momforce,009_07
385,291.531,309.827,R,,,,009_07
386,309.827,312.796,Both,,,,009_07
386,312.796,325.082,L,,,,009_07
387,348.505,356.29400000000004,R,,,,009_07
388,383.405,393.791,R,,,,009_07
389,411.731,412.775,R,,,,009_07
390,416.324,438.031,,L,,,009_07
391,438.031,439.718,,Both,,,009_07
392,64.5,66.373,,,L,,010_07
393,66.373,66.391,,,,momforce,010_07
394,66.391,66.625,R,,,,010_07
395,66.625,71.672,,Both,,,010_07
395,71.672,72.429,,L,,,010_07
396,72.429,73.469,,,Both,,010_07
,73.469,87.881,,L,,,010_07
397,73.612,73.738,R,,,,010_07
398,73.738,76.087,,,,momgrab,010_07
,76.087,79.87,R,,,,010_07
399,80.322,84.264,,R,,,010_07
400,88.625,90.083,,,L,,010_07
401,91.666,93.719,,L,,,010_07
402,93.719,98.772,,Both,,,010_07
402,98.772,99.73100000000001,,R,,,010_07
403,99.73100000000001,100.8,Both,,,,010_07
404,99.822,102.38600000000001,,,,momforce,010_07
403,100.8,99.822,L,,,,010_07
,102.38600000000001,102.694,L,,,,010_07
405,105.215,105.323,,,,momgrab,010_07
406,105.323,106.198,,,Both,,010_07
406,106.198,106.52799999999999,,,L,,010_07
407,112.822,113.71700000000001,,,L,,010_07
408,113.71700000000001,114.96,,,,momforce,010_07
,114.96,119.98100000000001,,,L,,010_07
409,117.277,118.338,,R,,,010_07
410,118.338,119.49700000000001,,,,momgrab,010_07
,119.49700000000001,121.87,,R,,,010_07
411,120.803,123.561,,,,momforce,010_07
412,120.81299999999999,126.375,L,,,,010_07
413,122.402,126.375,Both,,,,010_07
413,126.375,126.53399999999999,R,,,,010_07
412,126.375,123.561,Both,,,,010_07
414,126.53399999999999,129.885,,,Both,,010_07
415,127.876,129.899,,,,momgrab,010_07
414,129.885,127.876,,,L,,010_07
,129.899,132.791,,,L,,010_07
416,130.217,136.13299999999998,,,R,,010_07
417,136.13299999999998,141.461,,Both,,,010_07
417,141.461,148.388,,L,,,010_07
418,141.627,153.062,,R,,,010_07
419,151.534,153.062,Both,,,,010_07
420,151.53799999999998,153.39600000000002,,,,momforce,010_07
418,153.062,148.388,,Both,,,010_07
419,153.062,151.53799999999998,L,,,,010_07
,153.39600000000002,164.584,L,,,,010_07
421,154.15200000000002,166.63299999999998,R,,,,010_07
422,166.63299999999998,168.967,,Both,,,010_07
,168.967,178.78900000000002,R,,,,010_07
423,172.832,176.794,,,L,,010_07
425,178.03599999999997,211.382,,L,,,010_07
426,179.80900000000003,185.173,,Both,,,010_07
427,185.62900000000002,206.19099999999997,R,,,,010_07
428,209.613,209.615,R,,,,010_07
429,209.615,219.801,,,,momforce,010_07
424,211.382,179.199,,,,momforce,010_07
430,219.801,221.199,Both,,,,010_07
,221.199,224.285,R,,,,010_07
430,221.199,236.585,L,,,,010_07
431,237.132,238.989,,L,,,010_07
432,241.416,241.696,L,,,,010_07
433,242.21400000000003,246.266,,L,,,010_07
434,246.266,246.267,,,Both,,010_07
435,246.267,247.493,,,,momforce,010_07
,247.493,253.56799999999998,,L,,,010_07
435,247.493,247.495,,,,momforce,010_07
436,249.545,250.17700000000002,R,,,,010_07
437,250.518,281.506,,R,,,010_07
438,281.506,289.973,,,Both,,010_07
,289.973,321.161,,R,,,010_07
439,294.906,326.712,,L,,,010_07
440,326.712,326.76599999999996,Both,,,,010_07
440,326.76599999999996,328.142,R,,,,010_07
441,328.142,335.76,Both,,,,010_07
,335.76,403.124,R,,,,010_07
442,336.546,338.32099999999997,,L,,,010_07
443,339.53,355.301,,L,,,010_07
444,355.301,356.564,,,,momgrab,010_07
444,356.564,356.69599999999997,,,,momgrab,010_07
445,360.423,360.426,,L,,,010_07
446,360.426,361.79699999999997,,,,momforce,010_07
,361.79699999999997,406.38300000000004,,L,,,010_07
447,368.30400000000003,373.001,,,,momgrab,010_07
448,403.72,409.01300000000003,,R,,,010_07
449,409.01300000000003,409.668,,,Both,,010_07
,409.668,442.685,,R,,,010_07
450,28.822,39.893,,,R,,011_07
451,39.893,45.34,,Both,,,011_07
452,43.059,44.055,,,,momgrab,011_07
,44.055,45.34,,Both,,,011_07
453,44.62,45.34,,,,momgrab,011_07
,45.34,49.11600000000001,,,R,,011_07
454,48.401,49.11600000000001,,,,momgrab,011_07
455,49.638999999999996,49.818000000000005,R,,,,011_07
456,49.818000000000005,52.693999999999996,,,,momgrab,011_07
,52.693999999999996,63.383,R,,,,011_07
457,53.855,54.101000000000006,,,L,,011_07
458,54.101000000000006,54.721000000000004,,,,momgrab,011_07
,54.721000000000004,66.64699999999999,,,L,,011_07
459,54.961000000000006,63.388999999999996,,,,momgrab,011_07
460,65.811,66.425,,,R,,011_07
461,66.425,67.27600000000001,,,,momgrab,011_07
,67.27600000000001,67.619,,,R,,011_07
462,68.98100000000001,75.322,R,,,,011_07
463,75.322,77.88,,,Both,,011_07
,77.88,102.92,R,,,,011_07
464,78.111,80.863,L,,,,011_07
465,83.073,83.285,,L,,,011_07
466,83.285,88.329,,,,momgrab,011_07
466,88.329,88.43,,,,momgrab,011_07
467,88.49,89.04299999999999,,,L,,011_07
468,90.867,93.39399999999999,,L,,,011_07
469,93.777,94.809,,L,,,011_07
470,94.809,95.34299999999999,,,,momgrab,011_07
470,95.34299999999999,95.383,,,,momgrab,011_07
471,95.59700000000001,97.083,,,L,,011_07
472,97.083,97.539,,,,momgrab,011_07
472,97.539,97.59700000000001,,,,momgrab,011_07
473,99.417,102.92,,,,momgrab,011_07
474,99.635,107.822,,,L,,011_07
475,104.81700000000001,107.822,,,Both,,011_07
476,107.803,109.186,,,,momgrab,011_07
474,107.822,102.92,,,Both,,011_07
475,107.822,107.803,,,R,,011_07
477,109.837,111.109,,,L,,011_07
478,111.70100000000001,112.50299999999999,R,,,,011_07
479,112.50299999999999,113.072,,,Both,,011_07
480,113.072,117.12,,,,momgrab,011_07
,117.12,122.292,R,,,,011_07
480,117.12,117.426,,,,momgrab,011_07
481,118.889,119.84,,,L,,011_07
482,120.73100000000001,121.01100000000001,L,,,,011_07
483,121.09100000000001,121.529,,,L,,011_07
484,121.529,122.292,,,,momgrab,011_07
,122.292,123.613,,,L,,011_07
485,122.97200000000001,128.455,,,R,,011_07
486,128.455,129.35,,,,momforce,011_07
,129.35,139.055,,,R,,011_07
487,129.35,131.06,,L,,,011_07
488,131.06,133.717,,,,momgrab,011_07
489,134.974,148.033,,,L,,011_07
490,148.033,150.156,Both,,,,011_07
,150.156,154.319,,,L,,011_07
491,152.716,153.55700000000002,,,R,,011_07
492,153.55700000000002,154.319,,,,momgrab,011_07
493,154.399,154.964,R,,,,011_07
494,159.749,159.94899999999998,R,,,,011_07
495,160.653,163.52200000000002,,,R,,011_07
496,163.52200000000002,164.322,,,,momgrab,011_07
,164.322,168.609,,,R,,011_07
497,169.727,171.021,R,,,,011_07
498,171.021,172.203,,,,momgrab,011_07
499,172.045,174.924,,,L,,011_07
498,172.203,172.354,,,,momgrab,011_07
500,172.831,174.38299999999998,,,Both,,011_07
501,174.38299999999998,174.924,,,,momgrab,011_07
499,174.924,172.354,,,Both,,011_07
502,175.396,175.609,,,L,,011_07
503,175.609,175.956,Both,,,,011_07
503,175.956,176.75099999999998,R,,,,011_07
504,176.75099999999998,177.12900000000002,,,,momgrab,011_07
505,177.658,179.128,,,L,,011_07
506,179.21599999999998,182.609,,,R,,011_07
507,182.609,184.233,,Both,,,011_07
,184.233,189.005,,,R,,011_07
508,186.493,186.963,,,L,,011_07
509,186.963,189.25900000000001,,,,momgrab,011_07
509,189.25900000000001,189.27900000000002,,,,momgrab,011_07
510,190.78400000000002,193.12900000000002,,,R,,011_07
511,193.12900000000002,194.03900000000002,,,,momgrab,011_07
512,193.142,194.236,,,Both,,011_07
511,194.03900000000002,193.142,,,,momgrab,011_07
,194.236,194.275,,,,momgrab,011_07
513,195.327,202.615,,,R,,011_07
514,200.86,210.926,,,L,,011_07
515,203.15099999999998,204.166,Both,,,,011_07
516,206.028,207.87400000000002,R,,,,011_07
517,208.447,210.187,,,R,,011_07
518,210.187,210.88299999999998,,,,momgrab,011_07
518,210.88299999999998,210.926,,,,momgrab,011_07
514,210.926,202.615,,,Both,,011_07
519,211.18599999999998,214.975,R,,,,011_07
520,214.975,215.83700000000002,,,,momgrab,011_07
520,215.83700000000002,215.875,,,,momgrab,011_07
521,223.28,223.428,R,,,,011_07
522,224.408,225.426,R,,,,011_07
523,227.59599999999998,228.28799999999998,R,,,,011_07
524,229.27,229.55,,L,,,011_07
525,230.075,230.565,,,R,,011_07
526,233.062,235.30700000000002,,,L,,011_07
527,235.30700000000002,235.87,,,,momgrab,011_07
,235.87,250.97400000000002,,,L,,011_07
528,236.30200000000002,236.502,R,,,,011_07
529,236.97099999999998,240.325,,,R,,011_07
530,241.278,241.391,R,,,,011_07
531,241.391,243.06900000000002,,,,momgrab,011_07
,243.06900000000002,243.662,R,,,,011_07
532,248.27599999999998,252.54,,,R,,011_07
533,252.54,255.707,,,,momgrab,011_07
,255.707,276.789,,,R,,011_07
534,255.773,256.585,,,L,,011_07
535,258.775,264.204,,L,,,011_07
536,265.899,267.626,,,L,,011_07
537,267.626,269.784,,,,momgrab,011_07
537,269.784,272.197,,,,momgrab,011_07
538,272.525,276.545,,,L,,011_07
539,277.131,278.933,R,,,,011_07
540,278.933,279.724,,,,momgrab,011_07
,279.724,279.789,R,,,,011_07
541,284.275,284.414,R,,,,011_07
542,284.414,284.574,,,Both,,011_07
,284.574,285.519,R,,,,011_07
543,287.543,291.178,R,,,,011_07
544,291.178,292.144,,Both,,,011_07
544,292.144,294.367,,L,,,011_07
545,294.367,296.818,,Both,,,011_07
546,296.818,299.318,,,,momgrab,011_07
,299.318,303.324,,L,,,011_07
546,299.318,299.401,,,,momgrab,011_07
547,300.16,302.383,,,R,,011_07
548,302.383,302.92,,,,momgrab,011_07
,302.92,306.26099999999997,,,R,,011_07
549,305.422,306.28700000000003,,,,momgrab,011_07
550,308.457,312.027,R,,,,011_07
551,312.809,312.921,,,L,,011_07
552,312.921,315.415,,,Both,,011_07
,315.415,317.018,,,L,,011_07
553,315.434,317.018,,,,momgrab,011_07
554,319.731,325.409,R,,,,011_07
555,325.982,327.92900000000003,,,R,,011_07
556,328.24800000000005,330.14599999999996,R,,,,011_07
557,330.504,334.787,,,R,,011_07
558,335.44599999999997,337.713,R,,,,011_07
559,344.212,346.309,,,R,,011_07
560,347.782,353.849,R,,,,011_07
561,353.849,354.586,,,,momgrab,011_07
561,354.586,354.654,,,,momgrab,011_07
562,355.546,355.725,,,R,,011_07
563,355.725,357.05300000000005,,,Both,,011_07
,357.05300000000005,361.80699999999996,,,R,,011_07
564,359.98400000000004,360.527,,,,momgrab,011_07
565,361.283,361.86,,,,momgrab,011_07
566,362.91900000000004,362.97,,,R,,011_07
567,362.97,365.228,,,Both,,011_07
,365.228,375.89099999999996,,,R,,011_07
568,366.269,376.171,,L,,,011_07
569,376.171,381.0,,Both,,,011_07
570,381.0,381.13199999999995,,,,momgrab,011_07
,381.13199999999995,384.04,,L,,,011_07
570,381.13199999999995,382.43699999999995,,,,momgrab,011_07
571,382.43699999999995,384.04,,,Both,,011_07
571,384.04,387.99699999999996,,,R,,011_07
572,387.246,388.037,,,,momgrab,011_07
572,388.037,387.99699999999996,,,,momgrab,011_07
573,388.34,390.49800000000005,R,,,,011_07
574,390.49800000000005,393.3,,,Both,,011_07
,393.3,395.23199999999997,R,,,,011_07
575,393.834,395.533,L,,,,011_07
576,395.533,398.339,,,,momgrab,011_07
577,398.417,400.164,,,L,,011_07
578,400.164,402.106,,,Both,,011_07
579,401.03,402.31800000000004,,,,momgrab,011_07
578,402.106,401.03,,,R,,011_07
,402.31800000000004,403.616,,,R,,011_07
580,173.58900000000003,182.799,,,L,,012_07
581,182.799,221.195,,,R,,012_07
582,208.204,209.102,,,,momgrab,012_07
,209.102,221.195,,,R,,012_07
583,209.703,210.899,,,,momforce,012_07
584,211.02200000000002,211.895,,,L,,012_07
585,213.72099999999998,214.78799999999998,,,L,,012_07
586,218.43,219.923,,,L,,012_07
587,219.923,220.989,,,,momgrab,012_07
587,220.989,221.201,,,,momgrab,012_07
588,222.00799999999998,223.016,R,,,,012_07
589,223.016,224.997,,,Both,,012_07
590,223.215,224.99900000000002,,,,momgrab,012_07
589,224.997,223.215,,,L,,012_07
,224.99900000000002,225.69400000000002,,,L,,012_07
591,228.503,231.71900000000002,,,R,,012_07
592,231.71900000000002,233.199,,,,momgrab,012_07
,233.199,262.89799999999997,,,R,,012_07
593,261.112,262.895,,,,momgrab,012_07
594,263.20099999999996,263.79400000000004,R,,,momforce,012_07
595,268.11,272.517,R,,,,012_07
596,272.517,274.495,,Both,,,012_07
596,274.495,275.703,,L,,,012_07
597,275.703,282.597,,Both,,,012_07
,282.597,333.86800000000005,,L,,,012_07
598,321.818,323.582,,R,,,012_07
599,339.625,340.195,,R,,,012_07
600,340.195,377.494,,Both,,,012_07
,377.494,381.68300000000005,,R,,,012_07
601,380.231,381.68800000000005,,,,momgrab,012_07
602,390.79699999999997,406.204,,L,,,012_07
603,406.204,436.767,,Both,,,012_07
603,436.767,437.86400000000003,,R,,,012_07
604,438.704,439.401,,,R,,012_07
605,439.401,459.24800000000005,,,Both,,012_07
605,459.24800000000005,459.249,,,L,,012_07
606,57.589,58.45,R,,,,014_07
607,63.152,70.759,L,,,,014_07
608,64.988,70.759,Both,,,,014_07
608,70.759,71.568,R,,,,014_07
609,76.297,79.354,L,,,,014_07
610,79.354,82.38600000000001,Both,,,,014_07
610,82.38600000000001,82.98,R,,,,014_07
611,95.772,97.499,,L,,,014_07
612,99.913,101.04,,L,,,014_07
613,108.835,109.255,,L,,,014_07
614,109.255,118.965,,Both,,,014_07
,118.965,128.667,,L,,,014_07
615,138.517,139.031,L,,,,014_07
616,139.031,142.05100000000002,Both,,,,014_07
,142.05100000000002,145.816,L,,,,014_07
617,143.341,144.243,R,,,,014_07
618,156.635,164.282,L,,,,014_07
619,164.282,185.592,Both,,,,014_07
,185.592,199.669,L,,,,014_07
620,187.49,198.938,R,,,,014_07
621,202.926,206.11900000000003,L,,,,014_07
622,206.11900000000003,212.113,Both,,,,014_07
622,212.113,212.139,R,,,,014_07
623,214.77900000000002,222.986,,,L,,014_07
624,227.261,228.78599999999997,,,L,,014_07
625,228.78599999999997,234.02599999999998,,,Both,,014_07
,234.02599999999998,234.167,,,L,,014_07
626,236.12400000000002,236.24400000000003,,,L,,014_07
627,246.22,255.791,,,L,,014_07
628,275.428,280.70799999999997,,,L,,014_07
629,284.884,285.751,,,L,,014_07
630,291.18,297.406,L,,,,014_07
631,297.406,298.096,Both,,,,014_07
631,298.096,299.04,R,,,,014_07
632,304.954,305.248,,L,,,014_07
633,323.223,325.999,L,,,,014_07
634,325.999,327.119,Both,,,,014_07
,327.119,329.713,L,,,,014_07
635,338.30400000000003,341.093,L,,,,014_07
636,347.94699999999995,350.434,,L,,,014_07
637,364.459,385.517,,L,,,014_07
638,398.89599999999996,399.24300000000005,,L,,,014_07
639,402.152,407.54400000000004,,L,,,014_07
640,411.04400000000004,416.413,,L,,,014_07
641,416.413,427.939,,Both,,,014_07
,427.939,427.958,,L,,,014_07
642,434.63,435.68,,L,,,014_07
643,435.68,440.19199999999995,,Both,,,014_07
643,440.19199999999995,443.85400000000004,,R,,,014_07
644,443.85400000000004,449.588,,Both,,,014_07
,449.588,449.593,,R,,,014_07
645,457.33,457.80400000000003,L,,,,014_07
646,462.616,463.3,,L,,,014_07
647,463.3,473.099,,Both,,,014_07
647,473.099,475.81199999999995,,R,,,014_07
648,99.309,130.028,,L,,,015_07
649,130.028,130.452,,,,momgrab,015_07
649,130.452,130.503,,,,momgrab,015_07
650,175.16299999999998,179.486,L,,,,015_07
651,198.168,198.68,,,,momgrab,015_07
652,225.801,226.886,,,L,,015_07
653,232.99599999999998,237.796,,,R,,015_07
654,237.796,238.622,,,Both,,015_07
654,238.622,241.412,,,L,,015_07
655,241.412,242.604,,,Both,,015_07
,242.604,258.77099999999996,,,L,,015_07
656,266.14599999999996,310.922,R,,,,015_07
657,353.042,369.29,R,,,,015_07
658,384.18199999999996,387.017,,,L,,015_07
659,387.017,388.116,,,Both,,015_07
659,388.116,422.971,,,R,,015_07
660,422.971,423.43300000000005,,,,momgrab,015_07
660,423.43300000000005,423.48199999999997,,,,momgrab,015_07
661,427.22900000000004,457.733,,,R,,015_07
662,457.733,460.47,,,Both,,015_07
,460.47,468.514,,,R,,015_07
663,466.965,475.67900000000003,,,L,,015_07
664,475.67900000000003,477.9,Both,,,,015_07
,477.9,484.86400000000003,,,L,,015_07
665,485.277,514.932,,L,,,015_07
666,195.868,201.396,,,,Momgrab,019_07
667,201.396,220.097,,R,,,019_07
668,202.301,204.09400000000002,Both,,,,019_07
,204.09400000000002,220.097,,R,,,019_07
669,205.803,214.19799999999998,,,,Momgrab,019_07
670,219.202,220.104,,,,Momgrab,019_07
671,224.002,226.09799999999998,,,,Momforce,019_07
672,226.09799999999998,227.59400000000002,,L,,,019_07
673,227.59400000000002,234.50400000000002,,R,,,019_07
674,234.50400000000002,238.408,,,,Momgrab,019_07
675,238.408,239.995,,Both,,,019_07
,239.995,240.69400000000002,,,,Momgrab,019_07
676,240.704,241.50099999999998,,,,Momforce,019_07
677,241.50099999999998,241.51,,Both,,,019_07
677,241.51,241.51,,L,,,019_07
678,241.51,247.699,,,,Momgrab,019_07
,247.699,290.397,,L,,,019_07
679,267.307,271.797,,,,Momgrab,019_07
680,283.005,290.399,,,,Momgrab,019_07
681,299.103,301.495,,,,Momforce,019_07
683,299.503,315.496,,,Both,,019_07
682,301.495,299.503,,,L,,019_07
683,315.496,317.30400000000003,,,R,,019_07
684,317.30400000000003,320.694,,,Both,,019_07
,320.694,389.19599999999997,,,R,,019_07
685,321.3,323.698,,,,Momgrab,019_07
686,324.702,337.29699999999997,,,L,,019_07
687,338.9,350.897,,,L,,019_07
688,360.10400000000004,366.79900000000004,,,L,,019_07
689,368.702,369.69800000000004,,,,Momgrab,019_07
690,372.5,376.49699999999996,,,L,,019_07
691,382.103,386.69599999999997,,,L,,019_07
692,389.19599999999997,389.212,,,,Momgrab,019_07
693,394.001,395.80199999999996,,,L,,019_07
694,395.80199999999996,397.394,,,,Momgrab,019_07
695,412.305,414.404,R,,,,019_07
696,414.404,451.699,Both,,,,019_07
,451.699,473.399,R,,,,019_07
697,454.30199999999996,457.695,L,,,,019_07
698,463.7,475.80400000000003,L,,,,019_07
699,475.80400000000003,479.994,Both,,,,019_07
,479.994,497.094,L,,,,019_07
700,480.105,482.704,,,,Momgrab,019_07
701,482.704,483.899,Both,,,,019_07
701,483.899,500.2,R,,,,019_07
702,500.2,503.899,Both,,,,019_07
,503.899,587.197,R,,,,019_07
703,504.606,517.099,,,,Momgrab,019_07
704,524.308,525.498,L,,,,019_07
705,538.102,549.0980000000001,,,,Momgrab,019_07
706,556.702,564.697,,,,Momgrab,019_07
707,581.505,582.903,,,,Momgrab,019_07
708,582.903,586.197,Both,,,,019_07
,586.197,587.2,,,,Momgrab,019_07
709,87.682,113.86,L,,,,022_07
710,113.86,133.58100000000002,R,,,,022_07
711,119.04,133.58100000000002,Both,,,,022_07
712,132.752,134.683,,,,momgrab,022_07
711,133.58100000000002,132.752,L,,,,022_07
712,134.683,134.719,,,,momgrab,022_07
713,142.767,144.90200000000002,,R,,,022_07
714,144.90200000000002,151.097,,Both,,,022_07
,151.097,248.06599999999997,,R,,,022_07
716,156.744,188.636,,L,,,022_07
717,183.138,188.636,,,,momgrab,022_07
717,188.636,188.90599999999998,,,,momgrab,022_07
715,188.636,157.638,,,,momforce,022_07
718,195.015,226.08,,L,,,022_07
719,226.08,228.213,,,,momgrab,022_07
719,228.213,228.34400000000002,,,,momgrab,022_07
720,231.18200000000002,245.226,,L,,,022_07
721,243.93099999999998,248.065,,,,momgrab,022_07
721,248.065,245.226,,,,momgrab,022_07
722,273.459,278.66200000000003,,,R,,022_07
723,278.66200000000003,290.89099999999996,,,Both,,022_07
723,290.89099999999996,296.084,,,L,,022_07
724,296.084,331.847,,,Both,,022_07
724,331.847,349.199,,,R,,022_07
725,349.199,352.231,Both,,,,022_07
726,349.676,352.23199999999997,,,,momgrab,022_07
725,352.231,349.676,L,,,,022_07
,352.23199999999997,393.345,L,,,,022_07
727,361.723,382.33,R,,,,022_07
728,386.81,399.457,R,,,,022_07
729,399.457,401.185,,,,momgrab,022_07
729,401.185,401.186,,,,momgrab,022_07
730,407.72900000000004,430.912,,L,,,022_07
731,440.25800000000004,457.414,,R,,,022_07
732,457.414,511.195,,Both,,,022_07
734,149.013,158.085,,,R,,023_07
735,158.085,168.99400000000003,,,Both,,023_07
735,168.99400000000003,190.40099999999998,,,L,,023_07
736,190.40099999999998,201.796,,,Both,,023_07
736,201.796,230.00099999999998,,,R,,023_07
737,230.00099999999998,231.59599999999998,,,,momforce,023_07
,231.59599999999998,233.09400000000002,,,R,,023_07
738,231.59599999999998,232.1,L,,,,023_07
739,232.1,233.09900000000002,,,,momgrab,023_07
,233.09900000000002,266.39799999999997,L,,,,023_07
740,241.403,243.09900000000002,R,,,,023_07
741,268.302,272.703,,,L,,023_07
743,272.703,276.097,,R,,,023_07
,276.097,290.797,,,L,,023_07
742,276.097,274.594,,,,momforce,023_07
744,281.10200000000003,282.999,,R,,,023_07
745,295.205,300.298,,R,,,023_07
746,300.298,319.698,,L,,,023_07
747,327.603,330.30400000000003,,,L,,023_07
748,330.30400000000003,332.89599999999996,,,Both,,023_07
748,332.89599999999996,339.00300000000004,,,R,,023_07
749,339.00300000000004,340.80400000000003,,,Both,,023_07
749,340.80400000000003,365.908,,,L,,023_07
750,365.908,371.394,,,Both,,023_07
,371.394,433.097,,,L,,023_07
751,383.105,404.796,,,R,,023_07
752,440.001,542.431,L,,,,023_07
753,18.509,20.41,,,L,,024_07
754,20.41,27.698,,,Both,,024_07
754,27.698,30.399,,,R,,024_07
755,30.399,32.693000000000005,,Both,,,024_07
755,32.693000000000005,33.494,,L,,,024_07
756,33.494,34.099000000000004,,Both,,,024_07
756,34.099000000000004,39.205,,R,,,024_07
757,39.205,41.982,,Both,,,024_07
,41.982,49.776,,R,,,024_07
758,43.302,49.776,,,,Momgrab,024_07
759,52.727,53.433,,,R,,024_07
760,53.433,53.683,,,Both,,024_07
,53.683,59.788000000000004,,,R,,024_07
761,58.095,59.081,,,L,,024_07
762,70.0,70.88,,,L,,024_07
763,73.028,75.097,,,,Momforce,024_07
765,73.709,86.899,,,Both,,024_07
764,75.097,73.709,,,L,,024_07
,86.899,90.09,,,L,,024_07
766,88.93,91.626,,,R,,024_07
767,91.626,98.291,,,Both,,024_07
,98.291,103.788,,,R,,024_07
768,102.929,103.788,,,,Momgrab,024_07
769,119.723,121.27600000000001,,,,Momforce,024_07
770,121.27600000000001,121.521,R,,,,024_07
771,121.521,126.169,Both,,,,024_07
,126.169,137.661,R,,,,024_07
772,127.616,130.28,L,,,,024_07
773,134.33100000000002,143.594,,L,,,024_07
774,144.204,147.13299999999998,L,,,,024_07
775,147.13299999999998,152.385,Both,,,,024_07
,152.385,155.779,L,,,,024_07
776,157.519,160.888,,L,,,024_07
777,166.524,167.713,R,,,,024_07
778,167.713,168.886,Both,,,,024_07
778,168.886,174.78799999999998,L,,,,024_07
779,170.21200000000002,177.285,R,,,,024_07
780,173.101,174.671,,,,Momgrab,024_07
,174.671,174.78799999999998,Both,,,,024_07
779,177.285,173.101,Both,,,,024_07
781,183.511,188.236,,,R,,024_07
782,188.236,188.773,Both,,,,024_07
782,188.773,189.993,L,,,,024_07
783,200.514,205.077,R,,,,024_07
784,218.41299999999998,220.373,,,,Momforce,024_07
785,220.373,221.926,L,,,,024_07
786,221.926,223.29,Both,,,,024_07
786,223.29,229.792,R,,,,024_07
787,230.12099999999998,232.236,,,R,,024_07
788,232.236,232.56400000000002,,,,Momgrab,024_07
789,242.90200000000002,244.396,,,,Momforce,024_07
790,244.396,247.36900000000003,,,R,,024_07
791,245.03099999999998,260.291,,,L,,024_07
792,248.115,251.477,Both,,,,024_07
793,252.94099999999997,256.231,R,,,,024_07
794,256.231,256.491,,,,Momgrab,024_07
795,259.624,261.922,,,R,,024_07
791,260.291,247.36900000000003,,,Both,,024_07
796,261.922,264.399,,,Both,,024_07
,264.399,271.156,,,R,,024_07
797,266.003,273.308,,,L,,024_07
798,273.308,313.19,,,Both,,024_07
798,313.19,316.916,,,R,,024_07
799,316.916,335.779,,,Both,,024_07
,335.779,351.89099999999996,,,R,,024_07
800,338.195,355.51800000000003,,,L,,024_07
801,355.51800000000003,376.769,,,Both,,024_07
801,376.769,376.786,,,R,,024_07
803,389.106,392.295,,,L,,024_07
804,390.704,391.395,,,Both,,024_07
802,392.295,389.596,,,,Momforce,024_07
805,172.678,216.49900000000002,,R,,,025_07
806,216.905,246.093,R,,,,025_07
807,111.03299999999999,111.794,,,R,,026_07
808,112.00299999999999,119.198,,,L,,026_07
809,114.103,117.726,Both,,,,026_07
810,117.726,118.694,,,,momforce,026_07
,118.694,119.198,,,L,,026_07
810,118.694,120.00299999999999,,,,momforce,026_07
811,120.00299999999999,125.398,Both,,,,026_07
811,125.398,128.201,R,,,,026_07
812,128.201,130.695,,Both,,,026_07
,130.695,140.69899999999998,R,,,,026_07
813,133.904,138.19799999999998,L,,,,026_07
814,146.30700000000002,146.496,,,L,,026_07
815,148.002,153.398,,L,,,026_07
816,159.10399999999998,183.201,,L,,,026_07
817,183.201,191.59900000000002,Both,,,,026_07
818,190.605,191.59400000000002,,,,momgrab,026_07
,191.59400000000002,195.497,R,,,,026_07
817,191.59900000000002,190.605,R,,,,026_07
819,192.503,196.2,L,,,,026_07
820,196.2,197.59799999999998,,Both,,,026_07
,197.59799999999998,205.295,L,,,,026_07
821,210.701,216.304,,R,,,026_07
822,216.304,220.49400000000003,,Both,,,026_07
822,220.49400000000003,225.702,,L,,,026_07
823,225.702,226.09900000000002,,Both,,,026_07
,226.09900000000002,234.298,,L,,,026_07
824,227.304,232.8,R,,,,026_07
825,232.8,234.296,,,,momgrab,026_07
,234.296,272.595,R,,,,026_07
826,241.405,251.595,L,,,,026_07
827,251.90400000000002,255.795,,,L,,026_07
828,257.203,265.897,L,,,,026_07
829,268.302,269.798,,,L,,026_07
830,271.003,272.608,,,,momgrab,026_07
831,272.80400000000003,274.401,,,L,,026_07
832,274.401,280.997,,,Both,,026_07
832,280.997,283.2,,,R,,026_07
833,283.2,286.697,,,Both,,026_07
,286.697,312.295,,,R,,026_07
834,287.105,289.395,L,,,,026_07
835,290.002,291.995,,,L,,026_07
836,292.204,294.797,L,,,,026_07
837,294.704,294.802,,,,momgrab,026_07
837,294.802,294.797,,,,momgrab,026_07
838,295.803,298.498,L,,,,026_07
839,300.3,304.79900000000004,L,,,,026_07
840,305.80400000000003,309.998,,,L,,026_07
841,312.20099999999996,312.596,,,,momgrab,026_07
842,314.403,314.406,L,,,,026_07
843,314.406,321.195,Both,,,,026_07
,321.195,323.29900000000004,L,,,,026_07
844,323.504,326.797,,,L,,026_07
845,333.801,333.80199999999996,,L,,,026_07
847,333.80199999999996,336.898,,R,,,026_07
,336.898,345.49699999999996,,L,,,026_07
846,336.898,334.694,,,,momforce,026_07
848,339.801,343.29900000000004,,R,,,026_07
849,348.30199999999996,351.596,,,L,,026_07
850,352.211,353.805,,,R,,026_07
851,353.805,354.199,,,Both,,026_07
,354.199,354.69699999999995,,,R,,026_07
852,356.505,356.995,,L,,,026_07
853,358.811,363.69599999999997,,L,,,026_07
854,366.3,370.695,R,,,,026_07
855,370.801,371.79900000000004,,L,,,026_07
856,374.30400000000003,375.895,,,R,,026_07
857,377.103,384.397,R,,,,026_07
858,385.30300000000005,390.398,,,R,,026_07
859,398.1,399.199,,,R,,026_07
860,403.702,407.296,,,R,,026_07
861,411.904,438.602,,,R,,026_07
862,438.602,439.79699999999997,,,,momgrab,026_07
862,439.79699999999997,439.801,,,,momgrab,026_07
863,443.205,443.4,,L,,,026_07
864,443.4,447.275,,Both,,,026_07
,447.275,449.499,,L,,,026_07
865,454.505,459.401,,,L,,026_07
866,459.401,461.29400000000004,,,Both,,026_07
,461.29400000000004,464.19699999999995,,,L,,026_07
867,464.3,465.689,,L,,,026_07
868,470.301,470.595,,R,,,026_07
869,470.595,489.205,,Both,,,026_07
,470.602,478.79400000000004,,R,,,026_07
871,496.202,496.441,,L,,,026_07
872,96.99,97.6,R,,,,027_07
873,97.6,103.68,Both,,,,027_07
874,98.56,98.86,,,,Momgrab,027_07
,98.86,122.88,L,,,,027_07
873,103.68,98.56,L,,,,027_07
875,105.8,113.46,R,,,,027_07
876,116.82,118.69,R,,,,027_07
877,119.61,124.28,,R,,,027_07
878,124.28,125.09,,,,Momgrab,027_07
879,132.63,143.08,,R,,,027_07
880,139.82,143.48,,L,,,027_07
880,143.48,143.08,,Both,,,027_07
881,144.49,144.83,L,,,,027_07
882,144.83,146.16,,,,Momgrab,027_07
,146.16,161.975,L,,,,027_07
883,146.23,156.59,R,,,,027_07
884,159.6,161.21,,,R,,027_07
885,161.21,161.9,,,,Momgrab,027_07
,161.9,162.17,,,R,,027_07
886,163.21,163.9,,,R,,027_07
887,163.9,170.34,,,Both,,027_07
,170.34,191.58,,,R,,027_07
888,172.04,178.28,,,L,,027_07
889,179.9,180.48,,,L,,027_07
890,183.52,184.97,,L,,,027_07
891,186.91,191.01,,,L,,027_07
892,191.01,191.78,,,,Momgrab,027_07
892,191.78,191.83,,,,Momgrab,027_07
893,193.33,198.6,,,R,,027_07
894,198.6,200.89,,,Both,,027_07
894,200.89,202.02,,,L,,027_07
895,202.02,209.58,,,Both,,027_07
,209.58,209.68,,,L,,027_07
896,221.11,224.57,,,R,,027_07
897,221.12,233.29,,,L,,027_07
898,225.62,231.088,,,Both,,027_07
899,232.51,233.01,,,R,,027_07
900,233.01,233.68,,,,Momgrab,027_07
897,233.29,224.57,,,Both,,027_07
900,233.68,233.73,,,,Momgrab,027_07
901,241.11,244.31,,,R,,027_07
902,244.31,247.16,,,Both,,027_07
,247.16,252.42,,,R,,027_07
903,248.54,253.41,,,L,,027_07
904,253.41,253.98,,,,Momgrab,027_07
904,253.98,254.03,,,,Momgrab,027_07
905,257.44,257.89,,,R,,027_07
906,259.84,260.12,,,R,,027_07
907,260.12,261.68,,,Both,,027_07
,261.68,261.86,,,R,,027_07
908,272.22,277.86,,,R,,027_07
909,284.41,287.3,R,,,,027_07
910,287.3,290.27,Both,,,,027_07
,290.27,295.99,R,,,,027_07
911,293.22,294.59,L,,,,027_07
912,297.3,301.86,R,,,,027_07
913,301.61,301.9,,,,Momgrab,027_07
914,301.62,301.86,Both,,,,027_07
913,301.9,301.62,,,,Momgrab,027_07
915,304.7,309.37,L,,,,027_07
916,310.03,311.06,R,,,,027_07
917,315.53,317.51,,R,,,027_07
918,317.51,319.07,,Both,,,027_07
919,318.81,319.34,,,,Momgrab,027_07
918,319.07,319.29,,L,,,027_07
919,319.34,319.29,,,,Momgrab,027_07
920,324.83,334.48,,R,,,027_07
921,332.83,356.87,,L,,,027_07
922,336.81,356.87,,Both,,,027_07
922,356.87,356.89,,R,,,027_07
921,356.87,334.48,,Both,,,027_07
923,365.73,369.49,,R,,,027_07
924,371.33,372.07199999999995,,,R,,027_07
925,376.32,377.18,,,R,,027_07
926,378.32,378.68,,,R,,027_07
927,383.61,384.98,,,R,,027_07
928,391.98,394.49,,R,,,027_07
929,393.93,394.53,,,,Momgrab,027_07
929,394.53,394.49,,,,Momgrab,027_07
930,411.12,415.82,R,,,,027_07
931,415.82,431.06,Both,,,,027_07
931,431.06,438.53,L,,,,027_07
932,438.53,443.47,Both,,,,027_07
933,441.4,444.27,,,,Momgrab,027_07
932,443.47,441.4,R,,,,027_07
933,444.27,444.28,,,,Momgrab,027_07
934,445.92,450.876,R,,,,027_07
935,452.49,456.7,R,,,,027_07
936,456.7,461.27,Both,,,,027_07
,461.27,461.67,R,,,,027_07
937,126.12,128.41299999999998,,L,,,028_07
938,128.41299999999998,180.87400000000002,,Both,,,028_07
939,179.623,182.195,,,,Momgrab,028_07
938,180.87400000000002,179.623,,R,,,028_07
939,182.195,182.197,,,,Momgrab,028_07
940,185.649,186.78799999999998,,L,,,028_07
941,188.74,188.90900000000002,,,L,,028_07
942,188.90900000000002,205.394,,,Both,,028_07
942,205.394,211.826,,,R,,028_07
943,211.826,224.092,,,Both,,028_07
,224.092,278.395,,,R,,028_07
944,250.709,257.599,,,L,,028_07
945,272.702,281.688,,,L,,028_07
946,280.015,293.77099999999996,,,R,,028_07
947,292.605,293.77099999999996,,,,Momgrab,028_07
946,293.77099999999996,281.688,,,Both,,028_07
947,293.77099999999996,293.791,,,,Momgrab,028_07
948,297.316,297.322,,,,Momforce,028_07
949,297.322,298.66900000000004,Both,,,,028_07
950,297.828,313.373,Both,,,,028_07
949,298.66900000000004,297.828,R,,,,028_07
,313.373,397.791,R,,,,028_07
951,314.51099999999997,333.286,L,,,,028_07
952,342.01199999999994,380.478,L,,,,028_07
953,381.631,382.29699999999997,L,,,,028_07
954,385.024,397.88199999999995,L,,,,028_07
955,399.158,399.32,R,,,,028_07
956,399.32,399.834,Both,,,,028_07
,399.834,445.472,R,,,,028_07
957,403.439,437.89300000000003,L,,,,028_07
958,444.608,445.505,,,,Momgrab,028_07
959,457.13300000000004,457.70099999999996,,L,,,028_07
960,457.70099999999996,459.175,,Both,,,028_07
960,459.175,461.57199999999995,,R,,,028_07
961,463.4,464.801,,R,,,028_07
962,464.801,465.673,,Both,,,028_07
962,465.673,467.18,,L,,,028_07
963,470.028,470.704,,L,,,028_07
964,470.704,472.37699999999995,,Both,,,028_07
,472.37699999999995,472.67,,L,,,028_07
965,473.11199999999997,477.899,,L,,,028_07
966,477.899,478.668,,,,Momgrab,028_07
966,478.668,478.7,,,,Momgrab,028_07
967,491.148,496.277,,L,,,028_07
968,501.12699999999995,505.29400000000004,L,,,,028_07
969,505.00699999999995,505.409,,,,Momgrab,028_07
969,505.409,505.29400000000004,,,,Momgrab,028_07
970,506.31800000000004,509.99199999999996,L,,,,028_07
971,510.80800000000005,511.0,L,,,,028_07
972,511.0,511.68300000000005,,,,Momgrab,028_07
972,511.68300000000005,511.727,,,,Momgrab,028_07
973,513.931,516.316,L,,,,028_07
974,516.316,527.872,Both,,,,028_07
974,527.872,528.177,R,,,,028_07
975,528.764,530.707,L,,,,028_07
976,530.707,546.294,Both,,,,028_07
976,546.294,547.47,R,,,,028_07
977,550.462,550.5319999999999,L,,,,028_07
978,550.5319999999999,551.785,,,,Momforce,028_07
,551.785,553.396,L,,,,028_07
979,558.9019999999999,559.452,,,R,,028_07
980,559.452,566.118,,,Both,,028_07
981,120.945,124.069,,L,,,029_07
983,122.40100000000001,124.29899999999999,,Both,,,029_07
982,124.069,124.999,,,,Momforce,029_07
,124.29899999999999,124.999,,,,Momforce,029_07
984,131.001,132.997,,,,Momforce,029_07
985,134.40200000000002,135.69,,,,Momgrab,029_07
986,151.40200000000002,155.59799999999998,,L,,,029_07
987,163.30200000000002,163.30700000000002,,,R,,029_07
988,163.30700000000002,167.795,,,Both,,029_07
,167.795,182.998,,,R,,029_07
989,172.50099999999998,181.39700000000002,,,L,,029_07
990,186.102,189.19400000000002,,,L,,029_07
991,189.19400000000002,189.798,,,R,,029_07
992,191.105,192.202,,,L,,029_07
993,192.202,203.796,,,Both,,029_07
,203.796,207.293,,,L,,029_07
995,213.5,222.39700000000002,R,,,,029_07
994,222.39700000000002,215.39700000000002,,,,Momforce,029_07
996,223.204,228.197,,L,,,029_07
997,261.2,262.894,,,,Momforce,029_07
998,262.894,263.802,,L,,,029_07
999,263.802,266.197,,Both,,,029_07
999,266.197,266.694,,R,,,029_07
1000,272.402,276.694,,,L,,029_07
1001,291.005,296.79900000000004,L,,,,029_07
1002,313.605,313.695,,,L,,029_07
1003,317.405,319.795,,,,Momforce,029_07
1005,318.509,319.798,Both,,,,029_07
1004,319.795,318.509,L,,,,029_07
1005,319.798,324.596,R,,,,029_07
1006,321.402,327.69699999999995,L,,,,029_07
1007,326.503,327.69699999999995,,,,Momgrab,029_07
1006,327.69699999999995,324.596,Both,,,,029_07
1007,327.69699999999995,327.702,,,,Momgrab,029_07
1008,339.00300000000004,339.79400000000004,,,,Momforce,029_07
1010,339.603,343.194,Both,,,,029_07
1009,339.79400000000004,339.603,L,,,,029_07
1010,343.194,348.29900000000004,R,,,,029_07
1011,354.80400000000003,355.30199999999996,,,,Momforce,029_07
1012,355.30199999999996,355.395,Both,,,,029_07
1012,355.395,355.89599999999996,R,,,,029_07
1013,355.89599999999996,360.897,L,,,,029_07
1014,365.401,367.595,,,,Momforce,029_07
1015,369.30300000000005,369.69699999999995,,,R,,029_07
1016,371.902,373.594,,,,Momforce,029_07
1017,372.30300000000005,375.798,,,R,,029_07
1018,373.8,375.798,,,Both,,029_07
1017,375.798,373.594,,,Both,,029_07
1018,375.798,377.404,,,L,,029_07
1019,377.404,378.082,,,Both,,029_07
,378.082,387.598,,,L,,029_07
1020,379.116,390.405,,,R,,029_07
1021,390.405,398.798,,,Both,,029_07
1021,398.798,401.305,,,L,,029_07
1022,401.305,403.897,,,Both,,029_07
,403.897,410.49800000000005,,,L,,029_07
1023,407.205,413.805,,,R,,029_07
1024,413.805,414.901,,,,Momgrab,029_07
1025,414.901,414.999,,,Both,,029_07
,414.999,418.699,,,R,,029_07
1025,414.999,419.099,,,L,,029_07
1026,424.70300000000003,424.905,,,L,,029_07
1027,424.905,430.495,,,Both,,029_07
,430.495,431.29900000000004,,,L,,029_07
1028,92.902,101.59200000000001,,,R,,030_07
1029,101.902,111.40100000000001,,,L,,030_07
1030,105.803,111.39399999999999,,,Both,,030_07
,111.39399999999999,111.40100000000001,,,L,,030_07
1031,112.4,112.99600000000001,,,R,,030_07
1032,113.311,114.40299999999999,,,L,,030_07
1033,114.40299999999999,119.999,,,Both,,030_07
1033,119.999,127.89399999999999,,,R,,030_07
1034,122.802,129.998,,,L,,030_07
1034,129.998,127.89399999999999,,,Both,,030_07
1035,130.101,130.601,R,,,,030_07
1036,130.601,132.497,Both,,,,030_07
1036,132.497,134.404,L,,,,030_07
1037,135.102,137.703,,,L,,030_07
1038,137.703,146.395,Both,,,,030_07
,146.395,146.399,,,L,,030_07
1039,148.502,151.194,,,L,,030_07
1040,150.804,157.095,R,,,,030_07
1041,151.30200000000002,154.999,Both,,,,030_07
1043,155.2,160.096,,,L,,030_07
1040,157.095,151.194,Both,,,,030_07
1044,160.705,167.995,R,,,,030_07
1045,168.801,169.89,,,L,,030_07
1046,170.90200000000002,171.305,,,R,,030_07
1047,171.305,174.482,,,Both,,030_07
,174.482,175.09400000000002,,,R,,030_07
1048,177.903,178.40099999999998,,L,,,030_07
1049,178.40099999999998,178.59599999999998,,Both,,,030_07
1049,178.59599999999998,179.90400000000002,,R,,,030_07
1050,179.90400000000002,181.998,Both,,,,030_07
,181.998,212.388,,R,,,030_07
1051,212.60299999999998,216.295,,,R,,030_07
1052,218.3,218.958,,L,,,030_07
1053,218.958,220.19299999999998,,,Both,,030_07
1053,220.19299999999998,230.91,,,R,,030_07
1054,230.91,231.486,,Both,,,030_07
,231.486,236.58900000000003,,,R,,030_07
1055,238.601,243.602,,,L,,030_07
1056,243.602,251.49400000000003,,,Both,,030_07
1056,251.49400000000003,253.195,,,R,,030_07
1057,255.709,264.394,,R,,,030_07
1058,265.302,267.295,,,R,,030_07
1059,270.51099999999997,271.005,,,L,,030_07
1060,271.005,276.394,,,Both,,030_07
1060,276.394,276.599,,,R,,030_07
1061,277.705,279.099,,R,,,030_07
1062,282.31,291.01,L,,,,030_07
1063,291.01,319.798,,Both,,,030_07
,319.798,320.392,L,,,,030_07
1064,322.106,327.99699999999996,L,,,,030_07
1065,328.401,340.69199999999995,,,L,,030_07
1066,341.80199999999996,341.806,,,L,,030_07
1067,341.806,351.69800000000004,,,Both,,030_07
1067,351.69800000000004,351.705,,,R,,030_07
1068,354.902,354.911,,,R,,030_07
1069,354.911,356.699,,,Both,,030_07
1069,356.699,357.889,,,L,,030_07
1070,358.105,359.705,L,,,,030_07
1071,359.705,359.79699999999997,,,Both,,030_07
1071,359.79699999999997,370.496,,,R,,030_07
1072,360.61,370.79900000000004,,,L,,030_07
1072,370.79900000000004,370.496,,,Both,,030_07
1073,371.504,373.593,L,,,,030_07
1074,374.00300000000004,381.798,,,R,,030_07
1075,381.798,384.699,,,L,,030_07
1076,385.605,387.4,L,,,,030_07
1077,387.4,389.199,,,Both,,030_07
1077,389.199,389.301,,,R,,030_07
1078,389.301,398.098,,,Both,,030_07
,398.098,398.496,,,R,,030_07
1079,399.408,400.905,,R,,,030_07
1080,400.905,401.798,Both,,,,030_07
,401.798,430.095,,R,,,030_07
1081,402.805,406.69699999999995,,L,,,030_07
1082,412.402,434.597,,L,,,030_07
1083,434.80300000000005,435.695,L,,,,030_07
1084,437.801,437.903,,R,,,030_07
1085,437.903,438.39599999999996,,Both,,,030_07
1085,438.39599999999996,438.594,,L,,,030_07
1086,438.70099999999996,443.0,,,R,,030_07
1087,443.0,452.495,,Both,,,030_07
,452.495,457.099,,,R,,030_07
1088,458.405,465.99300000000005,,,L,,030_07
1089,84.315,91.095,,L,,,035_07
1090,91.095,93.59700000000001,R,,,,035_07
1091,96.001,99.501,R,,,,035_07
1092,99.501,105.396,,Both,,,035_07
,105.396,119.197,R,,,,035_07
1093,112.103,112.29799999999999,,L,,,035_07
1094,117.601,121.803,L,,,,035_07
1095,121.803,122.697,Both,,,,035_07
1095,122.697,125.396,R,,,,035_07
1096,125.001,126.595,L,,,,035_07
1096,126.595,125.396,Both,,,,035_07
1097,129.898,133.903,R,,,,035_07
1098,136.3,139.695,,,R,,035_07
1099,141.004,141.595,,,L,,035_07
1100,144.60399999999998,146.701,,L,,,035_07
1101,146.701,148.89600000000002,,,Both,,035_07
,148.89600000000002,149.19899999999998,,L,,,035_07
1102,149.804,150.096,,,L,,035_07
1103,151.20600000000002,155.195,,,R,,035_07
1104,155.703,155.89600000000002,,L,,,035_07
1105,156.101,156.692,,,L,,035_07
1106,156.601,157.395,,,R,,035_07
1106,157.395,156.692,,,Both,,035_07
1107,158.0,158.704,,,L,,035_07
1108,158.704,162.09799999999998,,,Both,,035_07
,162.09799999999998,176.597,,,L,,035_07
1109,175.702,180.69799999999998,,,R,,035_07
1110,187.104,187.704,,,R,,035_07
1111,187.704,188.19400000000002,,,Both,,035_07
1111,188.19400000000002,190.80200000000002,,,L,,035_07
1112,190.80200000000002,192.195,,,Both,,035_07
,192.195,195.794,,,L,,035_07
1113,195.0,201.898,,,R,,035_07
1114,199.204,205.09400000000002,,,L,,035_07
1115,204.704,205.09400000000002,Both,,,,035_07
1114,205.09400000000002,201.898,,,Both,,035_07
1115,205.09400000000002,211.003,R,,,,035_07
1116,211.003,216.398,Both,,,,035_07
1116,216.398,221.59799999999998,L,,,,035_07
1117,222.403,225.299,R,,,,035_07
1118,228.804,231.295,L,,,,035_07
1119,232.10299999999998,238.399,R,,,,035_07
1120,240.801,242.699,,,R,,035_07
1121,244.10299999999998,246.702,,,R,,035_07
1122,246.702,249.497,,,Both,,035_07
1122,249.497,252.59799999999998,,,L,,035_07
1123,253.601,257.097,,,R,,035_07
1124,258.001,263.303,,,L,,035_07
1125,263.303,265.79900000000004,,,Both,,035_07
1125,265.79900000000004,268.095,,,R,,035_07
1126,269.4,275.897,,,L,,035_07
1127,277.70099999999996,280.998,,,R,,035_07
1128,282.601,282.89599999999996,,,R,,035_07
1129,285.202,287.996,,,L,,035_07
1130,288.003,289.001,,,R,,035_07
1131,289.001,294.597,,,Both,,035_07
,294.597,296.596,,,R,,035_07
1132,296.10400000000004,305.297,,,L,,035_07
1133,311.509,312.895,,,L,,035_07
1134,313.004,315.204,,R,,,035_07
1135,315.204,319.897,,,Both,,035_07
1135,319.897,320.598,,,L,,035_07
1136,321.3,323.166,,,R,,035_07
1137,324.404,325.60400000000004,,,R,,035_07
1138,325.60400000000004,329.398,,Both,,,035_07
,329.398,330.19699999999995,,,R,,035_07
1139,329.9,332.999,,,L,,035_07
1140,334.601,339.301,,,R,,035_07
1141,339.301,341.99699999999996,,,Both,,035_07
1141,341.99699999999996,343.101,,,L,,035_07
1142,343.101,344.395,,,Both,,035_07
,344.395,344.699,,,L,,035_07
1143,349.30300000000005,349.499,,,R,,035_07
1144,352.202,354.902,R,,,,035_07
1145,354.902,357.095,,,Both,,035_07
1145,357.095,358.096,,,L,,035_07
1146,359.702,368.50300000000004,,,R,,035_07
1148,368.50300000000004,370.899,,,R,,035_07
1149,376.1,377.0,,L,,,035_07
1150,377.0,381.898,,,Both,,035_07
1150,381.898,384.691,,,R,,035_07
1151,390.30199999999996,391.80400000000003,,,L,,035_07
1152,391.80400000000003,395.79699999999997,,,Both,,035_07
1152,395.79699999999997,396.397,,,R,,035_07
1153,401.00199999999995,405.835,,,L,,035_07
1154,111.007,151.29399999999998,R,,,,036_07
1155,151.29399999999998,151.895,L,,,,036_07
1156,155.8,171.797,,,R,,036_07
1157,181.50400000000002,182.203,,R,,,036_07
1158,182.203,209.097,,Both,,,036_07
,209.097,219.899,,R,,,036_07
1159,215.703,220.29,,L,,,036_07
1160,223.40599999999998,225.61700000000002,,,R,,036_07
1161,225.61700000000002,229.399,,,Both,,036_07
,229.399,237.299,,,R,,036_07
1162,240.7,243.304,,L,,,036_07
1163,243.304,254.09599999999998,,Both,,,036_07
,254.09599999999998,255.398,,L,,,036_07
1164,259.3,261.41,R,,,,036_07
1165,261.41,270.389,Both,,,,036_07
,270.389,271.39799999999997,R,,,,036_07
1166,279.803,283.89799999999997,,,L,,036_07
1167,280.10200000000003,284.095,,,R,,036_07
1167,284.095,283.89799999999997,,,Both,,036_07
1168,302.3,303.105,,,R,,036_07
1169,303.105,324.297,,,Both,,036_07
1169,324.297,334.30800000000005,,,L,,036_07
1170,334.30800000000005,349.399,,,Both,,036_07
,349.399,351.999,,,L,,036_07
1171,355.30400000000003,359.103,R,,,,036_07
1172,359.103,399.89,Both,,,,036_07
,399.89,413.796,R,,,,036_07
1173,406.4,408.597,L,,,,036_07
1174,419.50199999999995,420.801,,R,,,036_07
1175,420.801,423.99800000000005,,Both,,,036_07
,423.99800000000005,445.094,,R,,,036_07
1176,424.806,436.999,L,,,,036_07
1177,437.202,454.79699999999997,,L,,,036_07
1178,472.6,474.635,L,,,,036_07
1179,128.007,133.499,,,L,,037_07
1180,134.905,147.197,,,L,,037_07
1181,136.10299999999998,137.298,,,Both,,037_07
,137.298,147.197,,,L,,037_07
1182,141.40200000000002,147.19899999999998,,,R,,037_07
1183,153.003,156.605,L,,,,037_07
1184,156.605,158.89600000000002,Both,,,,037_07
,158.89600000000002,159.399,L,,,,037_07
1185,161.501,170.301,,,L,,037_07
1186,170.301,173.895,,,Both,,037_07
1186,173.895,174.699,,,R,,037_07
1187,179.201,180.90099999999998,,,L,,037_07
1188,180.90099999999998,183.195,,,Both,,037_07
1188,183.195,183.296,,,R,,037_07
1189,194.703,196.304,,L,,,037_07
1190,196.304,197.19799999999998,,Both,,,037_07
1190,197.19799999999998,199.09900000000002,,R,,,037_07
1191,207.111,208.703,,,L,,037_07
1192,208.703,216.298,,,Both,,037_07
,216.298,216.495,,,L,,037_07
1193,219.905,222.995,L,,,,037_07
1194,246.50099999999998,249.00099999999998,L,,,,037_07
1195,249.00099999999998,254.19799999999998,Both,,,,037_07
1195,254.19799999999998,255.50099999999998,R,,,,037_07
1196,255.50099999999998,256.295,Both,,,,037_07
1196,256.295,257.195,L,,,,037_07
1197,259.601,260.205,L,,,,037_07
1198,260.205,267.197,Both,,,,037_07
,267.197,267.796,L,,,,037_07
1199,289.30400000000003,290.996,,R,,,037_07
1200,301.101,305.69599999999997,,L,,,037_07
1201,311.902,313.595,,R,,,037_07
1202,319.8,321.901,L,,,,037_07
1203,321.901,328.593,Both,,,,037_07
1203,328.593,329.798,R,,,,037_07
1204,360.801,361.404,,,L,,037_07
1205,361.404,365.399,,,Both,,037_07
,365.399,372.89599999999996,,,L,,037_07
1206,366.605,372.899,,,R,,037_07
1207,373.901,374.699,,L,,,037_07
1208,379.4,380.20099999999996,,,L,,037_07
1209,380.20099999999996,382.79400000000004,,,Both,,037_07
,382.79400000000004,385.49699999999996,,,L,,037_07
1210,384.501,388.301,,,R,,037_07
1211,388.301,401.606,,,Both,,037_07
,389.903,397.69699999999995,,,R,,037_07
1213,399.4,401.19800000000004,,,Both,,037_07
1214,407.603,409.60400000000004,,L,,,037_07
1215,409.60400000000004,410.798,,Both,,,037_07
1215,410.798,411.494,,R,,,037_07
1216,418.904,420.298,L,,,,037_07
1217,426.601,437.19800000000004,,,L,,037_07
1218,437.19800000000004,438.695,,,R,,037_07
1219,445.605,446.30400000000003,,,R,,037_07
1220,446.30400000000003,458.695,,,Both,,037_07
,458.695,459.097,,,R,,037_07
1221,464.305,466.4,L,,,,037_07
1222,466.4,468.096,Both,,,,037_07
,468.096,468.395,L,,,,037_07
1223,57.908,58.434,,R,,,038_07
1224,71.5,81.98899999999999,,L,,,038_07
1225,77.743,79.197,,Both,,,038_07
,79.197,81.98899999999999,,L,,,038_07
1226,80.007,82.79700000000001,,R,,,038_07
1227,82.79700000000001,83.37,,,,Momgrab,038_07
1227,83.37,83.42399999999999,,,,Momgrab,038_07
1228,83.50299999999999,86.84700000000001,,,L,,038_07
1229,89.70299999999999,94.60799999999999,,,L,,038_07
1230,94.60799999999999,94.815,,,,Momforce,038_07
1231,94.815,95.85600000000001,,,Both,,038_07
,95.85600000000001,98.973,,,L,,038_07
1231,95.85600000000001,100.984,,,R,,038_07
1232,100.984,102.596,,,,Momgrab,038_07
,102.596,167.476,,,R,,038_07
1233,111.525,113.76899999999999,,L,,,038_07
1234,116.958,118.391,,,,Momgrab,038_07
1235,129.97299999999998,132.987,,,,Momgrab,038_07
1236,146.732,151.721,,,L,,038_07
1237,151.721,151.975,,,,Momgrab,038_07
1237,151.975,152.109,,,,Momgrab,038_07
1238,156.11700000000002,160.334,,,L,,038_07
1239,162.343,164.613,,,L,,038_07
1240,164.613,165.888,,,,Momgrab,038_07
,165.888,173.81599999999997,,,L,,038_07
1241,171.701,172.21599999999998,,,,Momforce,038_07
1242,172.21599999999998,173.38299999999998,Both,,,,038_07
1242,173.38299999999998,173.41299999999998,R,,,,038_07
1243,173.41299999999998,173.81599999999997,,,,Momgrab,038_07
,173.81599999999997,183.09799999999998,R,,,,038_07
1244,181.02599999999998,194.90400000000002,L,,,,038_07
1245,185.797,209.301,R,,,,038_07
1246,201.62599999999998,202.245,Both,,,,038_07
1247,206.27200000000002,218.21900000000002,L,,,,038_07
1245,209.301,194.90400000000002,Both,,,,038_07
1248,218.21900000000002,221.31099999999998,Both,,,,038_07
,221.31099999999998,280.10200000000003,L,,,,038_07
1249,224.02599999999998,230.298,R,,,,038_07
1250,242.418,244.003,R,,,,038_07
1251,244.003,245.58700000000002,,,,Momgrab,038_07
,245.58700000000002,248.41299999999998,R,,,,038_07
1252,253.1,253.106,,,,Momgrab,038_07
1253,253.106,254.97400000000002,Both,,,,038_07
1253,254.97400000000002,255.922,R,,,,038_07
1254,255.922,256.79200000000003,,,,Momgrab,038_07
,256.79200000000003,264.507,R,,,,038_07
1255,270.98900000000003,276.913,R,,,,038_07
1256,276.913,281.57,,,,Momgrab,038_07
,281.57,288.14099999999996,R,,,,038_07
1257,283.931,288.14599999999996,,,,Momgrab,038_07
1258,294.332,303.325,L,,,,038_07
1259,303.325,304.868,,,,Momgrab,038_07
1259,304.868,304.9,,,,Momgrab,038_07
1260,337.543,337.88699999999994,,,,Momforce,038_07
1261,337.63599999999997,338.909,,,R,,038_07
1261,338.909,337.88699999999994,,,Both,,038_07
1262,361.71,361.711,,,,Momforce,038_07
1263,361.711,362.71,,,Both,,038_07
1263,362.71,367.235,,,L,,038_07
1264,367.235,377.61,,,Both,,038_07
,377.61,389.385,,,L,,038_07
1265,378.89599999999996,388.662,,,R,,038_07
1266,386.85699999999997,389.385,,,,Momgrab,038_07
1266,389.385,388.662,,,,Momgrab,038_07
1267,391.07599999999996,394.574,,,L,,038_07
1268,391.209,394.59,,,R,,038_07
1268,394.59,394.574,,,Both,,038_07
1269,395.316,395.494,,,L,,038_07
1270,401.92199999999997,403.463,,L,,,038_07
1271,403.463,407.959,,Both,,,038_07
,407.959,439.017,,L,,,038_07
1272,410.01,410.5,,R,,,038_07
1273,410.5,412.606,,,,Momgrab,038_07
,412.606,415.981,,R,,,038_07
1274,417.005,419.585,,R,,,038_07
1275,419.529,423.41,,,,Momgrab,038_07
1276,423.026,434.41,,R,,,038_07
1275,423.41,419.585,,,,Momgrab,038_07
1277,428.49800000000005,431.471,,,,Momgrab,038_07
1278,432.85699999999997,439.01199999999994,,,,Momgrab,038_07
1276,434.41,423.41,,Both,,,038_07
1279,450.286,451.51300000000003,,,,Momforce,038_07
1280,451.51300000000003,451.76,,Both,,,038_07
1280,451.76,451.913,,L,,,038_07
1281,451.913,454.027,,Both,,,038_07
,454.027,472.167,,L,,,038_07
1282,458.005,467.19699999999995,,R,,,038_07
1283,470.49800000000005,472.166,,R,,,038_07
1284,23.6,26.998,,R,,,039_07
1285,28.901,32.196,L,,,,039_07
1286,44.81,48.501999999999995,,R,,,039_07
1287,48.501999999999995,53.595,,Both,,,039_07
1287,53.595,74.1,,L,,,039_07
1288,74.1,75.197,Both,,,,039_07
1288,75.197,83.2,R,,,,039_07
1289,83.2,85.595,Both,,,,039_07
,85.595,139.399,R,,,,039_07
1290,96.905,112.596,,L,,,039_07
1291,112.801,119.79799999999999,L,,,,039_07
1292,121.303,127.49799999999999,,L,,,039_07
1293,127.90299999999999,136.998,L,,,,039_07
1294,140.405,146.3,,,R,,039_07
1295,146.3,158.795,,,Both,,039_07
,158.795,203.097,,,R,,039_07
1296,163.2,197.59799999999998,,,L,,039_07
1297,201.303,209.602,,,L,,039_07
1298,209.602,219.89,,,Both,,039_07
,219.89,256.89599999999996,,,L,,039_07
1299,223.9,264.301,R,,,,039_07
1300,264.301,268.79900000000004,Both,,,,039_07
1300,268.79900000000004,282.301,L,,,,039_07
1301,282.301,292.595,Both,,,,039_07
,292.595,301.094,L,,,,039_07
1302,312.905,316.9,,L,,,039_07
1303,316.9,317.397,,Both,,,039_07
,317.397,319.297,,L,,,039_07
1304,325.60200000000003,330.402,,R,,,039_07
1305,330.402,337.399,,Both,,,039_07
,337.399,343.495,,R,,,039_07
1306,346.10400000000004,348.094,L,,,,039_07
1307,352.2,354.426,R,,,,039_07
1308,57.721000000000004,60.09,,L,,,040_07
1309,60.09,65.376,,R,,,040_07
1310,79.82,79.83,,,,Momforce,040_07
1311,79.83,81.2,Both,,,,040_07
1311,81.2,83.9,R,,,,040_07
1312,83.9,84.28,,,,Momgrab,040_07
1312,84.28,84.32,,,,Momgrab,040_07
1313,89.32,99.0,R,,,,040_07
1314,99.0,99.383,,,,Momgrab,040_07
1314,99.383,99.42,,,,Momgrab,040_07
1315,110.51,110.59299999999999,,,R,Momgrab,040_07
1316,124.4,124.473,,,R,,040_07
1317,124.473,124.501,,,,Momgrab,040_07
1318,152.8,155.88,,R,,,040_07
1319,162.56,173.0,,R,,,040_07
1320,173.0,173.98,,,,Momgrab,040_07
1320,173.98,174.023,,,,Momgrab,040_07
1321,176.01,177.21,,,,Momforce,040_07
1322,177.21,180.26,,Both,,,040_07
1322,180.26,190.13,,R,,,040_07
1323,190.13,196.58,,,,Momgrab,040_07
,196.58,201.66,,R,,,040_07
1325,215.73,216.113,,,,Momforce,040_07
1324,216.113,216.08,,,R,,040_07
1326,219.01,221.25,,,R,,040_07
1327,221.25,221.30700000000002,,,,Momforce,040_07
1328,223.6,224.09,,,R,,040_07
1329,224.09,224.123,,,,Momforce,040_07
1330,225.8,234.183,,L,,,040_07
1331,247.02,247.92,,R,,,040_07
1332,247.92,249.093,,Both,,,040_07
1332,249.093,260.87,,L,,,040_07
1333,259.13,260.9,,,,Momgrab,040_07
1334,260.1,260.89,,Both,,,040_07
1333,260.9,260.87,,,,Momgrab,040_07
1335,285.23,289.199,,R,,,040_07
1336,289.199,290.166,,,,Momgrab,040_07
1336,290.166,290.216,,,,Momgrab,040_07
1337,290.8,295.31,R,,,,040_07
1338,295.31,303.98,Both,,,,040_07
1338,303.98,317.78,L,,,,040_07
1339,336.91,337.21,R,,,,040_07
1340,337.21,337.67900000000003,Both,,,,040_07
1340,337.67900000000003,347.39,L,,,,040_07
1341,358.82,374.68,,,R,,040_07
1342,377.44,402.6,,,R,,040_07
1343,402.6,402.99300000000005,,,,Momgrab,040_07
,402.99300000000005,403.96,,,R,,040_07
1344,126.617,127.494,,,L,,041_07
1345,130.202,146.295,,,L,,041_07
1346,160.30100000000002,166.005,,,L,,041_07
1347,167.705,175.895,L,,,,041_07
1348,178.304,182.595,L,,,,041_07
1349,194.705,203.297,,,L,,041_07
1350,204.40599999999998,221.69799999999998,,,L,,041_07
1351,230.601,234.99599999999998,,L,,,041_07
1352,277.10200000000003,309.48900000000003,,,L,,041_07
1353,311.902,321.498,,,L,,041_07
1354,323.101,324.298,,,L,,041_07
1355,325.202,334.49300000000005,,,L,,041_07
1356,335.603,335.99300000000005,,,L,,041_07
1357,337.2,339.796,,,L,,041_07
1358,360.902,368.499,L,,,,041_07
1359,370.51,387.49300000000005,,,L,,041_07
1360,390.31300000000005,395.292,,L,,,041_07
1361,396.602,403.98699999999997,L,,,,041_07
1362,407.504,408.994,,,L,,041_07
1363,413.805,428.88800000000003,,,L,,041_07
1364,430.805,432.265,,L,,,041_07
1365,440.31300000000005,446.19699999999995,L,,,,041_07
1366,224.02,227.2,,,,Momforce,043_07
1367,227.2,228.4,,,Both,,043_07
1367,228.4,230.01,,,R,,043_07
1368,230.01,230.85,,,,Momgrab,043_07
,230.85,230.98,,,R,,043_07
1369,244.7,245.82,,,,Momforce,043_07
1370,245.82,247.99,,,Both,,043_07
,247.99,248.02599999999998,,,,Momforce,043_07
1371,249.42,250.98,,,L,,043_07
1372,255.72,259.08299999999997,,R,,,043_07
1373,271.22,271.39,,L,,,043_07
1374,274.43,276.19,,R,,,043_07
1375,276.91,277.82,,,,Momforce,043_07
1376,277.82,280.668,,Both,,,043_07
,280.668,280.72,,,,Momforce,043_07
1377,288.4,289.103,,R,,,043_07
1378,289.103,289.48400000000004,,,Both,,043_07
1378,289.48400000000004,289.67,,,L,,043_07
1379,289.67,289.703,,,,Momforce,043_07
1380,293.13,293.593,,,L,,043_07
1381,293.593,293.626,,,,Momforce,043_07
1382,294.51,294.57599999999996,,,R,,043_07
1383,480.6,481.898,,,,Momforce,043_07
1384,481.898,483.99,R,,,,043_07
1385,92.73,96.41,,,R,,044_07
1386,96.41,112.77,,,Both,,044_07
,112.77,113.78,,,R,,044_07
1387,112.9,113.8,,,,Momgrab,044_07
1388,116.62,118.3,,,R,,044_07
1389,118.3,118.58,,,Both,,044_07
,118.58,129.69299999999998,,,R,,044_07
1390,127.92,130.79,,,L,,044_07
1391,132.5,132.59,,,L,,044_07
1392,140.21,140.28,,,,Momforce,044_07
1393,140.28,145.996,,L,,,044_07
1394,142.42,148.58,,R,,,044_07
1394,148.58,145.996,,Both,,,044_07
1395,156.92,161.69299999999998,,R,,,044_07
1396,164.32,184.38,,R,,,044_07
1397,189.02,200.7,R,,,,044_07
1398,200.7,202.39,Both,,,,044_07
,202.39,215.28,R,,,,044_07
1399,208.12,208.18599999999998,L,,,,044_07
1400,213.02,213.18,L,,,,044_07
1401,214.72,214.88,L,,,,044_07
1402,223.32,224.593,,,R,,044_07
1404,233.51,240.382,L,,,,044_07
1405,235.92,239.69,Both,,,,044_07
1403,240.382,234.51,,,,Momforce,044_07
1406,242.9,244.77,L,,,,044_07
1407,254.92,261.1,,,R,,044_07
1408,261.1,261.893,,,,Momgrab,044_07
1408,261.893,262.01,,,,Momgrab,044_07
1409,263.02,266.09,,,R,,044_07
1410,267.13,271.06,R,,,,044_07
1411,271.6,288.786,,,R,,044_07
1412,288.52,288.816,,,,Momgrab,044_07
1412,288.816,288.786,,,,Momgrab,044_07
1413,294.82,307.61,,,R,,044_07
1414,307.61,308.19,,,Both,,044_07
,308.19,309.68,,,R,,044_07
1415,326.61,326.89,,L,,,044_07
1416,358.91,370.7,,R,,,044_07
1417,370.7,372.38,,,,Momgrab,044_07
1417,372.38,372.42,,,,Momgrab,044_07
1418,376.3,377.591,,R,,,044_07
1419,378.32,389.58,R,,,,044_07
1420,401.72900000000004,403.879,,,R,,044_07
1421,405.9,407.07,,,R,,044_07
1422,413.409,414.899,,,R,,044_07
1423,97.29,103.32,,,R,,045_07
1424,103.32,104.38,,,,Momgrab,045_07
1424,104.38,104.41,,,,Momgrab,045_07
1425,106.73,137.5,,,R,,045_07
1426,137.5,137.67,,,,Momgrab,045_07
1426,137.67,137.8,,,,Momgrab,045_07
1427,143.9,202.04,R,,,,045_07
1428,202.04,202.955,,,,Momgrab,045_07
1428,202.955,203.0,,,,Momgrab,045_07
1429,206.9,209.9,,R,,,045_07
1430,209.9,210.36700000000002,,Both,,,045_07
,210.36700000000002,215.19299999999998,,R,,,045_07
1431,211.605,216.71,,L,,,045_07
1432,216.71,219.479,,,,Momgrab,045_07
1433,218.21,257.97,,R,,,045_07
1432,219.479,224.416,,,,Momgrab,045_07
1434,257.02,257.97,,,,Momgrab,045_07
1433,257.97,224.416,,Both,,,045_07
1434,257.97,258.02,,,,Momgrab,045_07
1435,262.92,277.02,,,R,,045_07
1436,277.02,277.26,,,,Momgrab,045_07
1436,277.26,277.426,,,,Momgrab,045_07
1437,279.51,306.71,,,R,,045_07
1438,306.71,309.587,,,Both,,045_07
1439,308.51,310.19,,,,Momgrab,045_07
1438,309.587,308.51,,,L,,045_07
1439,310.19,310.20799999999997,,,,Momgrab,045_07
1440,316.81,317.48,R,,,,045_07
1441,317.48,317.51599999999996,,,,Momforce,045_07
1442,324.5,327.87300000000005,R,,,,045_07
1443,326.732,353.38,L,,,,045_07
1444,352.4,353.38,,,,Momgrab,045_07
1443,353.38,327.87300000000005,Both,,,,045_07
1444,353.38,353.426,,,,Momgrab,045_07
1445,371.01,371.48,R,,,,045_07
1446,374.41,383.9,,R,,,045_07
1447,383.9,396.89300000000003,,Both,,,045_07
1447,396.89300000000003,411.62,,L,,,045_07
1448,411.62,423.65,,Both,,,045_07
,423.65,445.98,,L,,,045_07
1449,431.02,431.03,,,R,,045_07
1450,431.03,431.68,,,,Momforce,045_07
1450,431.68,431.7,,,,Momforce,045_07
1451,432.8,433.89,,,R,,045_07
1452,433.89,433.93,,,,Momforce,045_07
1454,437.32,437.61300000000006,,,,Momforce,045_07
1453,437.61300000000006,437.57,,,R,,045_07
1455,440.80199999999996,445.61,,,R,,045_07
1456,445.61,446.01599999999996,,,,Momgrab,045_07
,446.01599999999996,448.99,,,R,,045_07
1457,447.7,451.01,,,L,,045_07
1458,451.01,460.41,,,Both,,045_07
1459,460.41,460.97,,,,Momgrab,045_07
,460.97,461.286,,,L,,045_07
1459,460.97,461.32599999999996,,,,Momgrab,045_07
1460,466.7,466.72,,,,Momforce,045_07
1461,466.72,467.09,,,Both,,045_07
,467.09,467.13,,,,Momforce,045_07
1462,468.41,468.71,,,,Momforce,045_07
1463,468.71,469.19,,,R,,045_07
1464,471.02,471.38699999999994,,,R,,045_07
1465,472.99,478.62,,,R,,045_07
1466,478.62,480.17,,,Both,,045_07
1466,480.17,482.42,,,L,,045_07
1467,482.42,483.293,,,,Momgrab,045_07
1467,483.293,483.3,,,,Momgrab,045_07
1468,12.126,12.177,,,R,,047_07
1469,12.902000000000001,19.160999999999998,,R,,,047_07
1470,19.727,19.789,,,R,,047_07
1471,19.789,20.145,,,,Momforce,047_07
,20.145,229.245,,,R,,047_07
1472,21.031,23.326,,,L,,047_07
1473,28.438000000000002,29.538,,,L,,047_07
1474,40.758,43.222,,,L,,047_07
1475,44.748999999999995,49.953,,,L,,047_07
1476,55.548,56.31399999999999,,,L,,047_07
1477,56.31399999999999,58.363,,,,Momgrab,047_07
1477,58.363,58.375,,,,Momgrab,047_07
1478,63.147,67.771,,,L,,047_07
1479,72.842,73.859,,,,Momforce,047_07
1480,72.889,77.76,L,,,,047_07
1481,74.12100000000001,75.795,,,,Momgrab,047_07
1480,77.76,73.859,Both,,,,047_07
1482,121.94,125.387,,,L,,047_07
1483,125.387,126.781,,,,Momgrab,047_07
,126.781,129.158,,,L,,047_07
1484,141.658,161.889,,,L,,047_07
1485,170.53099999999998,170.66099999999997,,,L,,047_07
1486,175.49599999999998,181.753,,,L,,047_07
1487,181.91099999999997,189.69400000000002,,L,,,047_07
1488,190.13400000000001,193.293,,,L,,047_07
1489,193.382,193.393,,,,Momforce,047_07
1490,193.393,194.65,,Both,,,047_07
1490,194.65,199.43900000000002,,L,,,047_07
1491,202.34799999999998,213.78799999999998,,L,,,047_07
1492,214.05599999999998,218.13400000000001,,,L,,047_07
1493,221.25599999999997,224.872,,,,Momforce,047_07
1494,221.262,228.108,,L,,,047_07
1495,225.33,228.108,,,,Momgrab,047_07
1495,228.108,228.606,,,,Momgrab,047_07
1494,228.108,224.872,,Both,,,047_07
1496,228.606,229.11599999999999,,,Both,,047_07
,229.11599999999999,229.245,,,,Momgrab,047_07
1497,230.787,231.06,,,R,,047_07
1498,234.29,234.296,,,,Momforce,047_07
1499,234.296,235.78,,Both,,,047_07
1499,235.78,237.37,,L,,,047_07
1500,237.37,244.047,,,Both,,047_07
1500,244.047,252.01,,,R,,047_07
1501,252.01,254.03,,,Both,,047_07
,254.03,293.623,,,R,,047_07
1502,254.399,257.96299999999997,L,,,,047_07
1503,258.33099999999996,261.68,,,L,,047_07
1504,271.901,275.686,,,L,,047_07
1505,276.59,276.899,L,,,,047_07
1506,289.774,291.277,,,L,,047_07
1507,301.846,301.849,R,,,,047_07
1508,301.849,302.339,,,,Momforce,047_07
,302.339,337.722,R,,,,047_07
1509,302.474,304.038,L,,,,047_07
1510,328.155,329.39599999999996,L,,,,047_07
1511,331.282,337.736,,,L,,047_07
1512,339.394,341.695,,,R,,047_07
1513,341.695,344.561,,,Both,,047_07
,344.561,362.186,,,R,,047_07
1514,346.665,348.168,,,L,,047_07
1515,357.24800000000005,360.81199999999995,,,L,,047_07
1516,368.8,368.923,,,R,,047_07
1517,368.923,372.207,,,,Momforce,047_07
,372.207,426.667,,,R,,047_07
1518,374.208,375.06699999999995,,,L,,047_07
1519,384.517,387.81300000000005,,,L,,047_07
1520,395.23900000000003,396.635,,,L,,047_07
1521,413.941,415.16900000000004,,,L,,047_07
1522,80.911,88.723,L,,,,048_07
1524,83.126,85.285,,,,momgrab,048_07
,85.285,144.045,R,,,,048_07
1525,86.55,88.088,,,,momgrab,048_07
1523,88.723,144.045,R,,,,048_07
1526,95.914,100.525,,,L,,048_07
1527,100.525,104.11200000000001,,,,momforce,048_07
,104.11200000000001,106.23200000000001,,,L,,048_07
1528,104.915,106.928,,,,momgrab,048_07
1529,106.944,111.089,L,,,,048_07
1530,112.398,114.93299999999999,,,L,,048_07
1531,116.57,120.811,,,L,,048_07
1532,121.803,123.359,L,,,,048_07
1533,124.971,132.869,,,L,,048_07
1534,134.056,135.265,,,L,,048_07
1535,139.705,142.439,L,,,,048_07
1536,142.439,143.597,,,,momgrab,048_07
1536,143.597,144.053,,,,momgrab,048_07
1537,146.407,148.385,L,,,,048_07
1538,148.734,153.62,,,R,,048_07
1539,153.62,172.252,,,Both,,048_07
,172.252,172.396,,,R,,048_07
1540,182.72400000000002,184.915,,,R,,048_07
1541,184.915,199.362,,,Both,,048_07
1542,194.217,195.482,,,,momgrab,048_07
,195.482,199.481,,,L,,048_07
1543,198.62,199.49099999999999,,,,momgrab,048_07
1541,199.362,194.217,,,L,,048_07
1544,216.84099999999998,216.926,,,L,,048_07
1545,216.926,225.59400000000002,,,Both,,048_07
1545,225.59400000000002,226.285,,,R,,048_07
1546,227.528,228.368,,,,momforce,048_07
1548,227.926,234.055,Both,,,,048_07
1547,228.368,227.926,L,,,,048_07
,234.055,236.465,L,,,,048_07
1549,235.24200000000002,251.41299999999998,R,,,,048_07
1550,251.41299999999998,251.894,,,,momgrab,048_07
1551,267.812,271.923,L,,,,048_07
1553,267.815,268.161,,,,momforce,048_07
,268.161,278.289,R,,,,048_07
1552,271.923,267.815,R,,,,048_07
1554,275.207,277.64,L,,,,048_07
1555,277.64,277.875,,,,momgrab,048_07
,277.875,288.19599999999997,L,,,,048_07
1556,281.099,283.58,,R,,,048_07
1557,284.062,287.612,R,,,,048_07
1558,287.612,288.42,,,,momgrab,048_07
,288.42,288.423,R,,,,048_07
1559,297.824,297.825,R,,,,048_07
1560,297.825,297.89799999999997,,,,momforce,048_07
1561,297.89799999999997,298.282,Both,,,,048_07
,298.282,300.02299999999997,R,,,,048_07
1561,298.282,301.611,L,,,,048_07
1562,301.611,303.45099999999996,,,,momgrab,048_07
1563,302.709,307.684,R,,,,048_07
,303.45099999999996,308.067,L,,,,048_07
1564,307.432,307.684,,,,momgrab,048_07
1564,307.684,308.075,,,,momgrab,048_07
1563,307.684,303.45099999999996,Both,,,,048_07
1565,321.52,321.52099999999996,R,,,,048_07
1566,321.52099999999996,322.112,,,,momforce,048_07
1567,322.112,323.573,Both,,,,048_07
,323.573,327.82599999999996,R,,,,048_07
1567,323.573,327.607,L,,,,048_07
1568,327.607,329.272,,,,momgrab,048_07
1569,329.272,333.184,Both,,,,048_07
,333.184,336.465,L,,,,048_07
1569,333.184,336.531,R,,,,048_07
1570,336.531,336.98199999999997,,,,momgrab,048_07
,336.98199999999997,336.983,R,,,,048_07
1571,352.91,353.091,R,,,,048_07
1572,356.534,356.543,L,,,,048_07
1573,356.543,356.92900000000003,,,,momforce,048_07
1574,356.92900000000003,357.754,Both,,,,048_07
,357.754,364.225,L,,,,048_07
1574,357.754,366.35400000000004,R,,,,048_07
1575,366.35400000000004,368.156,Both,,,,048_07
1575,368.156,374.251,L,,,,048_07
1576,374.251,376.32599999999996,Both,,,,048_07
,376.32599999999996,377.191,L,,,,048_07
1577,376.67,377.19199999999995,,,,momgrab,048_07
1578,388.009,388.01300000000003,R,,,,048_07
1579,388.01300000000003,388.815,,,,momgrab,048_07
1580,388.31800000000004,392.99800000000005,L,,,,048_07
,388.815,392.36800000000005,R,,,,048_07
1581,391.225,392.99800000000005,,,,momgrab,048_07
1580,392.99800000000005,388.815,Both,,,,048_07
1582,402.98,402.983,R,,,,048_07
1583,402.983,403.634,,,,momforce,048_07
,403.634,405.385,R,,,,048_07
1584,403.798,406.526,L,,,,048_07
1585,406.526,409.653,,Both,,,048_07
,409.653,412.986,L,,,,048_07
1586,410.148,410.689,R,,,,048_07
1587,411.398,411.403,,,,momforce,048_07
1588,411.403,412.731,,Both,,,048_07
1588,412.731,413.655,,R,,,048_07
1589,413.655,414.43,,Both,,,048_07
,414.43,437.7,,R,,,048_07
1590,432.055,436.048,,L,,,048_07
1591,437.24199999999996,437.48199999999997,,L,,,048_07
1592,438.505,441.129,R,,,,048_07
1593,441.129,451.25699999999995,Both,,,,048_07
1594,451.045,455.798,,,,momgrab,048_07
1593,451.25699999999995,451.045,L,,,,048_07
1594,455.798,455.80699999999996,,,,momgrab,048_07
1595,457.969,457.977,L,,,,048_07
1596,457.977,458.664,,,,momforce,048_07
,458.664,461.631,L,,,,048_07
1597,458.707,480.70599999999996,R,,,,048_07
1598,480.70599999999996,481.306,Both,,,,048_07
,481.306,481.309,R,,,,048_07
